time,open,high,low,close,Plot,Plot,Mid Price,Breakout Up,Breakout Down,Fake Breakout,Breakout midPrice Up,Breakout midPrice Down,VWAP,Upper Band #1,Lower Band #1,Upper Band #2,Lower Band #2,Basis,Upper,Lower,Basis,Upper,Lower,EMA,EMA,MA,MA,MA,MA,MA,ATR,RSI,RSI-based MA,Regular Bullish,Regular Bullish Label,Regular Bearish,Regular Bearish Label,Histogram,MACD,Signal,%K,%D
1762866900,17.907169198303674,18.01,17.79,17.8725,,,,,,,,,,,,,,18.162999999999997,18.83748054086148,17.488519459138512,18.162999999999997,18.50024027043074,17.825759729569253,18.670571811829532,18.343743505623863,16.732837890625056,18.631015624999996,17.727699999999995,18.86503125000002,18.162999999999997,,,,,,,,,,,,
1762870500,17.889834599151836,17.889834599151836,17.72,17.759999999999998,,,,,,,,,,,,,,18.120374999999996,18.783495040038602,17.45725495996139,18.120374999999996,18.4519350200193,17.788814979980692,18.634863113326414,18.29067591420351,16.733023437500055,18.633921874999995,17.726712499999994,18.87000000000002,18.120374999999996,,,,,,,,,,,,
1762871400,17.824917299575915,17.824917299575915,17.52,17.6825,,,,,,,,,,,,,,18.071999999999996,18.714350371682585,17.429649628317406,18.071999999999996,18.39317518584129,17.7508248141587,18.59751554025479,18.235387194730464,16.733115234375056,18.636671874999998,17.725212499999994,18.87640625000002,18.071999999999996,,,,,,,,,,,,
1762875000,17.75370864978796,17.94,17.57,17.775,,,,,,,,,,,,,,18.023874999999997,18.600428282447314,17.44732171755268,18.023874999999997,18.312151641223654,17.73559835877634,18.56526002887225,18.19353381339133,16.73329882812505,18.639257812499995,17.723662499999996,18.88287500000002,18.023874999999997,,,,,,,,,,,,
1762878600,17.76435432489398,17.86,17.49,17.68,,,,,,,,,,,,,,17.972249999999995,18.472811934230855,17.471688065769136,17.972249999999995,18.222530967115425,17.721969032884566,18.53054394930863,18.146848921264844,16.733480468750052,18.641421874999992,17.722124999999995,18.888437500000016,17.972249999999995,,,,,,,,,,,,
1762882200,17.72217716244699,17.72217716244699,17.5,17.5775,,,,,,,,,,,,,,17.92325,18.374493005486304,17.472006994513695,17.92325,18.14887150274315,17.697628497256847,18.493169676786724,18.095089928422585,16.733562500000055,18.644304687499993,17.71915,18.863312500000017,17.92325,,,,,,,,,,,,
1762885800,17.649838581223495,17.649838581223495,17.35,17.457500000000003,,,,,,,,,,,,,,17.87575,18.312877269797216,17.438622730202784,17.87575,18.094313634898608,17.657186365101392,18.452555179657832,18.037127207656894,16.733251953125055,18.64744531249999,17.7119875,18.83237500000002,17.87575,,,,,,,,,,,,
1762889400,17.55366929061175,17.55366929061175,17.27,17.349999999999998,,,,,,,,,,,,,,17.825625,18.262494188087956,17.38875581191204,17.825625,18.04405959404398,17.60719040595602,18.409317721632036,17.974661097869905,16.732851562500052,18.650562499999992,17.703599999999998,18.80028125000002,17.825625,,,,,,,,,,,,
1762893000,17.451834645305873,17.451834645305873,17.25,17.3125,,,,,,,,,,,,,,17.788625000000003,18.26584998624831,17.311400013751697,17.788625000000003,18.027237493124158,17.55001250687585,18.366305261960193,17.914464634427187,16.732548828125054,18.65344531249999,17.695449999999997,18.774031250000014,17.788625000000003,,,,,,,,,,,,
1762935300,17.382167322652936,17.382167322652936,17.12,17.185000000000002,,,,,,,,,,,,,,17.734500000000004,18.22748478678315,17.241515213216857,17.734500000000004,17.980992393391578,17.48800760660843,18.319979565412734,17.84814966766108,16.732208984375053,18.65535156249999,17.683887499999997,18.748062500000017,17.734500000000004,,,,,,,,,,,,
1762938900,17.283583661326468,17.283583661326468,17.15,17.19,,,,,,,,,,,,,,17.682125000000003,18.17279361271108,17.191456387288927,17.682125000000003,17.92745930635554,17.436790693644465,18.2756666412789,17.788317879691892,16.73190429687505,18.65728124999999,17.6693,18.722906250000015,17.682125000000003,,,,,,,,,,,,
1762942500,17.236791830663236,17.25,17.18,17.205,,,,,,,,,,,,,,17.648000000000003,18.170677242664834,17.125322757335173,17.648000000000003,17.90933862133242,17.386661378667586,18.233679714169924,17.735288981538083,16.731570312500054,18.65955468749999,17.659,18.698781250000014,17.648000000000003,,,,,,,,,,,,
1762946100,17.220895915331617,17.28,17.12,17.180000000000003,,,,,,,,,,,,,,17.619375000000005,18.17752792483308,17.06122207516693,17.619375000000005,17.898451462416542,17.340298537583468,18.19235894106522,17.68480816503462,16.731158203125055,18.66164062499999,17.651524999999996,18.680968750000016,17.619375000000005,,,,,,,,,,,,
1762949700,17.20044795766581,17.20044795766581,17.1,17.134999999999998,,,,,,,,,,,,,,17.586500000000004,18.176534744739424,16.996465255260585,17.586500000000004,17.881517372369714,17.291482627630295,18.150893884552858,17.63482560457693,16.730759765625052,18.66370312499999,17.644824999999997,18.668656250000016,17.586500000000004,,,,,,,,,,,,
1762953300,17.167723978832903,17.21,17.1,17.16,,,,,,,,,,,,,,17.556625000000004,18.169081682141805,16.944168317858203,17.556625000000004,17.862853341070906,17.250396658929102,18.1120353008449,17.59165964052448,16.730363281250057,18.66594531249999,17.637637499999997,18.653562500000014,17.556625000000004,,,,,,,,,,,,
1762956900,17.163861989416453,17.19,17.16,17.169999999999998,,,,,,,,,,,,,,17.519125000000006,18.129834167689342,16.90841583231067,17.519125000000006,17.824479583844674,17.213770416155338,18.075092740027454,17.553326945931346,16.729830078125055,18.66140624999999,17.629624999999997,18.632937500000015,17.519125000000006,,,,,,,,,,,,
1762957800,17.166930994708224,17.66,17.166930994708224,17.4125,,,,,,,,,,,,,,17.49212500000001,18.0707100736921,16.913539926307916,17.49212500000001,17.781417536846053,17.202832463153964,18.04910871100677,17.540524496301224,16.729349609375053,18.651046874999988,17.622149999999994,18.614906250000015,17.49212500000001,,,,,,,,,,,,
1762961400,17.289715497354113,18.02,17.289715497354113,17.695,,,,,,,,,,,,,,17.479875000000007,18.029669222868495,16.93008077713152,17.479875000000007,17.75477211143425,17.204977888565764,18.03522209488886,17.554567723910203,16.728957031250054,18.64150781249999,17.614912499999996,18.602750000000018,17.479875000000007,,,,,,,,,,,,
1762965000,17.49235774867706,18.06,17.49235774867706,17.814999999999998,,,,,,,,,,,,,,17.476125000000007,18.01560501584825,16.936644984151762,17.476125000000007,17.745865007924127,17.206384992075886,18.026585934304983,17.57824338537291,16.72870703125005,18.63279687499999,17.608349999999994,18.590781250000013,17.476125000000007,,,,,,,,,,,,
1762968600,17.653678874338528,17.79,17.47,17.665,,,,,,,,,,,,,,17.464000000000006,17.97426316739472,16.95373683260529,17.464000000000006,17.71913158369736,17.20886841630265,18.012406093744,17.58613035033901,16.728568359375053,18.62217187499999,17.601699999999997,18.569406250000018,17.464000000000006,,,,,,,,,,,,
1762972200,17.659339437169265,17.659339437169265,17.36,17.54,,,,,,,,,,,,,,17.447375000000005,17.923866015130272,16.970883984869737,17.447375000000005,17.685620507565137,17.209129492434872,17.99388036457757,17.581936682126372,16.72872460937505,18.608953124999992,17.596462499999994,18.54534375000002,17.447375000000005,,,,,,,,,,,,
1762975800,17.599669718584632,17.66,17.43,17.545,,,,,,,,,,,,,,17.436625000000003,17.893725303543974,16.979524696456032,17.436625000000003,17.665175151771987,17.20807484822802,17.976277213025508,17.578578801933066,16.728927734375052,18.60320312499999,17.593012499999997,18.518187500000018,17.436625000000003,,,,,,,,,,,,
1762979400,17.57233485929232,17.64,17.45,17.525000000000002,,,,,,,,,,,,,,17.428750000000004,17.873905871577644,16.983594128422364,17.428750000000004,17.651327935788824,17.206172064211184,17.958580067416666,17.573708001757332,16.72911132812505,18.59703906249999,17.591112499999998,18.491031250000013,17.428750000000004,,,,,,,,,,,,
1763021700,17.54866742964616,17.86,17.51,17.71,,,,,,,,,,,,,,17.425500000000007,17.861348597565105,16.98965140243491,17.425500000000007,17.643424298782556,17.207575701217458,17.948831829478756,17.586098183415757,16.729486328125052,18.59126562499999,17.591725,18.468312500000017,17.425500000000007,,,,,,,,,,,,
1763025300,17.62933371482308,18.06,17.62933371482308,17.855,,,,,,,,,,,,,,17.434250000000002,17.89641636614964,16.972083633850364,17.434250000000002,17.66533318307482,17.203166816925183,17.945152149891353,17.610543803105234,16.730115234375052,18.584124999999993,17.594424999999998,18.451437500000015,17.434250000000002,,,,,,,,,,,,
1763028900,17.74216685741154,17.81,17.61,17.7,,,,,,,,,,,,,,17.440375000000003,17.913099219286444,16.967650780713562,17.440375000000003,17.676737109643224,17.204012890356783,17.935538340091693,17.61867618464112,16.73066796875005,18.575164062499994,17.597112499999998,18.434968750000014,17.440375000000003,,,,,,,,,,,,
1763032500,17.721083428705768,17.97,17.61,17.777499999999996,,,,,,,,,,,,,,17.456375000000005,17.951467100017428,16.96128289998258,17.456375000000005,17.703921050008717,17.208828949991293,17.929340758127314,17.63311471331011,16.731248046875052,18.566960937499992,17.599574999999998,18.42618750000001,17.456375000000005,,,,,,,,,,,,
1763036100,17.749291714352882,17.92,17.7,17.845,,,,,,,,,,,,,,17.481125000000002,18.001325622356458,16.960924377643547,17.481125000000002,17.74122531117823,17.221024688821775,17.926033277416437,17.6523770121001,16.731875000000052,18.559601562499992,17.603262499999996,18.42606250000001,17.481125000000002,,,,,,,,,,,,
1763039700,17.79714585717644,18.26,17.79714585717644,18.0175,,,,,,,,,,,,,,17.516375000000004,18.079838563595604,16.952911436404403,17.516375000000004,17.798106781797806,17.2346432182022,17.929620207713832,17.68557001100009,16.73267382812505,18.553203124999992,17.607525,18.431625000000015,17.516375000000004,,,,,,,,,,,,
1763043300,17.90732292858822,18.18,17.90732292858822,18.1325,,,,,,,,,,,,,,17.563750000000006,18.16580792910607,16.961692070893942,17.563750000000006,17.864778964553036,17.262721035446976,17.937576277999565,17.726200010000085,16.733763671875053,18.547343749999992,17.6124625,18.44056250000001,17.563750000000006,,,,,,,,,,,,
1763044200,18.01991146429411,18.68,17.96,18.29,,,,,,,,,,,,,,17.618750000000002,18.27290881099334,16.964591189006665,17.618750000000002,17.94582940549667,17.291670594503334,17.951396816117228,17.777454554545532,16.734982421875053,18.543359374999994,17.6182125,18.45084375000001,17.618750000000002,,,,,,,,,,,,
1763047800,18.154955732147055,19.22,18.154955732147055,18.735,,,,,,,,,,,,,,17.695250000000005,18.482320358989295,16.908179641010715,17.695250000000005,18.08878517949465,17.30171482050536,17.98212635274008,17.86450414049594,16.736523437500054,18.541585937499995,17.6261375,18.46709375000001,17.695250000000005,,,,,,,,,,,,
1763051400,18.44497786607353,19.51,18.44497786607353,19.152500000000003,,,,,,,,,,,,,,17.793875000000007,18.76967784253505,16.818072157464965,17.793875000000007,18.281776421267526,17.305973578732488,18.028023358514982,17.981594673178126,16.738386718750053,18.541999999999994,17.637825,18.484562500000013,17.793875000000007,,,,,,,,,,,,
1763055000,18.798738933036766,20.61,18.798738933036766,19.8125,,,,,,,,,,,,,,17.927750000000007,19.19607458385037,16.659425416149645,17.927750000000007,18.56191229192519,17.293587708074824,18.09800283465165,18.148040611980115,16.74073046875005,18.544968749999995,17.6545,18.503343750000013,17.927750000000007,,,,,,,,,,,,
1763058600,19.305619466518383,21.13,19.305619466518383,20.689999999999998,,,,,,,,,,,,,,18.104250000000004,19.804883778918803,16.403616221081204,18.104250000000004,18.954566889459404,17.253933110540604,18.199649782312367,18.379127829072832,16.743859375000053,18.550296874999994,17.675812500000003,18.535625000000014,18.104250000000004,,,,,,,,,,,,
1763062200,19.99780973325919,21.31,19.99780973325919,20.862499999999997,,,,,,,,,,,,,,18.288875000000004,20.31442028152285,16.26332971847716,18.288875000000004,19.301647640761427,17.276102359238582,18.304075281045215,18.604888935520755,16.747269531250055,18.547460937499995,17.6975375,18.571343750000015,18.288875000000004,,,,,,,,,,,,
1763065800,20.430154866629593,21.12,19.99,20.5525,,,,,,,,,,,,,,18.445875000000004,20.653912745940865,16.237837254059144,18.445875000000004,19.549893872970436,17.341856127029573,18.3922487994356,18.781944486837048,16.750554687500053,18.544187499999996,17.717312500000002,18.604343750000016,18.445875000000004,,,,,,,,,,,,
1763108100,20.491327433314794,21.6,20.491327433314794,21.2225,,,,,,,,,,,,,,18.62225,21.108243714794977,16.136256285205025,18.62225,19.86524685739749,17.37925314260251,18.503239042594988,19.003813169851863,16.754375000000056,18.54289062499999,17.740375,18.646843750000013,18.62225,,,,,,,,,,,,
1763111700,20.856913716657395,21.4,20.856913716657395,21.1575,,,,,,,,,,,,,,18.789375000000003,21.477052377867352,16.101697622132654,18.789375000000003,20.133213688933676,17.44553631106633,18.607327707591264,19.19960288168351,16.758187500000055,18.540085937499992,17.7641625,18.687375000000014,18.789375000000003,,,,,,,,,,,,
1763115300,21.007206858328697,21.73,21.007206858328697,21.4,,,,,,,,,,,,,,18.976125000000007,21.838700097268095,16.11354990273192,18.976125000000007,20.40741254863405,17.544837451365964,18.71684426807788,19.399638983348645,16.762281250000054,18.539382812499994,17.7894125,18.72762500000001,18.976125000000007,,,,,,,,,,,,
1763118900,21.203603429164346,22.34,21.203603429164346,21.9775,,,,,,,,,,,,,,19.198000000000004,22.261752845775867,16.13424715422414,19.198000000000004,20.729876422887934,17.666123577112074,18.84471312031012,19.633989984862403,16.766894531250053,18.54035937499999,17.817425,18.768750000000015,19.198000000000004,,,,,,,,,,,,
1763122500,21.590551714582173,22.63,21.590551714582173,22.287499999999998,,,,,,,,,,,,,,19.435125000000006,22.67922559762324,16.191024402376772,19.435125000000006,21.05717529881162,17.81307470118839,18.97972437049404,19.87521816805673,16.771763671875057,18.542460937499992,17.8500625,18.805718750000015,19.435125000000006,,,,,,,,,,,,
1763126100,21.939025857291085,22.83,21.939025857291085,22.377499999999998,,,,,,,,,,,,,,19.677750000000003,23.037886864771988,16.31761313522802,19.677750000000003,21.357818432385997,17.99768156761401,19.11297047361192,20.102698334597026,16.776519531250052,18.54460156249999,17.8832,18.836593750000013,19.677750000000003,,,,,,,,,,,,
1763129700,22.15826292864554,22.28,22.11,22.1975,,,,,,,,,,,,,,19.902125000000005,23.305735316634312,16.4985146833657,19.902125000000005,21.60393015831716,18.20031984168285,19.23393241582322,20.29313484963366,16.781208984375056,18.548578124999995,17.9157,18.867031250000014,19.902125000000005,,,,,,,,,,,,
1763130600,22.177881464322773,23.03,21.23,21.9925,,,,,,,,,,,,,,20.109,23.492661256686304,16.7253387433137,20.109,21.800830628343153,18.41716937165685,19.342111536771327,20.447622590576053,16.785851562500056,18.553999999999995,17.9472625,18.90156250000001,20.109,,,,,,,,,,,,
1763134200,22.085190732161387,22.085190732161387,19.96,20.6425,,,,,,,,,,,,,,20.256125,23.459068753408758,17.053181246591244,20.256125,21.857596876704378,18.654653123295624,19.393107162780293,20.465338718705503,16.789541015625055,18.557335937499996,17.972125,18.921812500000012,20.256125,,,,,,,,,,,,
1763137800,21.363845366080692,21.363845366080692,19.6,19.895,,,,,,,,,,,,,,20.362000000000002,23.363895484523088,17.360104515476916,20.362000000000002,21.862947742261547,18.861052257738457,19.412789234828125,20.41348974427773,16.792685546875056,18.558898437499998,17.993325,18.92818750000001,20.362000000000002,,,,,,,,,,,,
1763141400,20.629422683040346,20.629422683040346,19.56,20.07,,,,,,,,,,,,,,20.47325,23.250274531760663,17.696225468239337,20.47325,21.86176226588033,19.08473773411967,19.438562206011337,20.382263403888846,16.795925781250055,18.5605078125,18.0154125,18.933656250000013,20.47325,,,,,,,,,,,,
1763145000,20.349711341520173,20.79,20.11,20.3525,,,,,,,,,,,,,,20.590000000000003,23.13049552253098,18.04950447746903,20.590000000000003,21.86024776126549,19.319752238734516,19.474402903814813,20.37955763989895,16.799214843750057,18.560874999999996,18.038187499999996,18.939343750000013,20.590000000000003,,,,,,,,,,,,
1763148600,20.351105670760084,20.351105670760084,19.57,20.012500000000003,,,,,,,,,,,,,,20.684000000000005,22.981305704515556,18.386694295484453,20.684000000000005,21.83265285225778,19.53534714774223,19.495504750724034,20.3461887635445,16.802332031250053,18.5610859375,18.0583875,18.93600000000001,20.684000000000005,,,,,,,,,,,,
1763152200,20.181802835380044,20.34,19.82,20.03,,,,,,,,,,,,,,20.771000000000004,22.81712646236731,18.7248735376327,20.771000000000004,21.794063231183657,19.747936768816352,19.516465348734858,20.317444330495,16.805472656250057,18.562124999999998,18.0786375,18.93059375000001,20.771000000000004,,,,,,,,,,,,
1763367300,20.10590141769002,20.10590141769002,19.54,19.6925,,,,,,,,,,,,,,20.818875000000002,22.711238254636925,18.92651174536308,20.818875000000002,21.76505662731846,19.872693372681542,19.523368668392315,20.26063120954091,16.808359375000055,18.562437499999998,18.097125,18.92068750000001,20.818875000000002,,,,,,,,,,,,
1763370900,19.899200708845008,20,19.75,19.8825,,,,,,,,,,,,,,20.855375000000002,22.643029381445213,19.06772061855479,20.855375000000002,21.749202190722606,19.9615478092774,19.53745225002399,20.22625564503719,16.811447265625056,18.563492187499996,18.1166,18.913250000000012,20.855375000000002,,,,,,,,,,,,
1763374500,19.890850354422504,20.59,19.890850354422504,20.2675,,,,,,,,,,,,,,20.878125000000004,22.623186513958764,19.133063486041245,20.878125000000004,21.750655756979384,20.005594243020624,19.56608157355246,20.230005131851993,16.814832031250056,18.5661171875,18.13815,18.909625000000013,20.878125000000004,,,,,,,,,,,,
1763378100,20.07917517721125,20.66,20.07917517721125,20.5075,,,,,,,,,,,,,,20.869000000000007,22.61980010280998,19.118199897190035,20.869000000000007,21.744400051404995,19.99359994859502,19.602999943217068,20.255231938047267,16.818390625000056,18.5696015625,18.1613625,18.904000000000014,20.869000000000007,,,,,,,,,,,,
1763381700,20.293337588605624,21,20.293337588605624,20.7625,,,,,,,,,,,,,,20.864000000000008,22.61541685500603,19.112583144993987,20.864000000000008,21.739708427503018,19.988291572496998,19.648470533679145,20.301347216406604,16.822140625000053,18.57371875,18.1855125,18.89496875000001,20.864000000000008,,,,,,,,,,,,
1763385300,20.527918794302813,21.19,20.527918794302813,20.992500000000003,,,,,,,,,,,,,,20.886000000000006,22.632259144571478,19.139740855428535,20.886000000000006,21.75912957228574,20.012870427714272,19.701177571574082,20.36417928764237,16.826113281250056,18.5786328125,18.21095,18.882000000000012,20.886000000000006,,,,,,,,,,,,
1763388900,20.760209397151407,21.06,20.760209397151407,21.025,,,,,,,,,,,,,,20.87612500000001,22.616885950704805,19.135364049295212,20.87612500000001,21.746505475352407,20.00574452464761,19.75309217661039,20.424253897856698,16.830158203125055,18.583921875,18.2367375,18.874968750000015,20.87612500000001,,,,,,,,,,,,
1763389800,20.892604698575703,21.21,20.08,20.7825,,,,,,,,,,,,,,20.857375000000008,22.59368176653042,19.121068233469597,20.857375000000008,21.725528383265214,19.989221616734802,19.793461110860964,20.45682172532427,16.834064453125055,18.5868125,18.2612375,18.873437500000012,20.857375000000008,,,,,,,,,,,,
1763393400,20.83755234928785,21.69,20.61,20.9875,,,,,,,,,,,,,,20.836750000000006,22.556505142454746,19.116994857545265,20.836750000000006,21.696627571227374,19.976872428772637,19.840286165337005,20.505065204840246,16.83812304687505,18.5866015625,18.2868875,18.881937500000014,20.836750000000006,,,,,,,,,,,,
1763397000,20.912526174643926,21.01,20.43,20.79,,,,,,,,,,,,,,20.77737500000001,22.415554229357653,19.139195770642367,20.77737500000001,21.596464614678833,19.958285385321187,19.87752984512771,20.530968368036586,16.842021484375053,18.585312500000004,18.3120625,18.89643750000001,20.77737500000001,,,,,,,,,,,,
1763400600,20.85126308732196,21.76,20.67,21.1875,,,,,,,,,,,,,,20.722375000000007,22.22206703088483,19.222682969115183,20.722375000000007,21.47222101544242,19.972528984557595,19.928901223750152,20.59065306185144,16.84625000000005,18.587273437500006,18.3396375,18.928625000000014,20.722375000000007,,,,,,,,,,,,
1763404200,21.01938154366098,22.43,21.01938154366098,21.9375,,,,,,,,,,,,,,20.700375000000008,22.112663280592624,19.288086719407392,20.700375000000008,21.406519140296318,19.9942308597037,20.00766980321093,20.71309369259222,16.850392578125053,18.591492187500002,18.36965,18.969718750000016,20.700375000000008,,,,,,,,,,,,
1763407800,21.478440771830492,23.44,21.478440771830492,22.655,,,,,,,,,,,,,,20.723250000000007,22.242559135758608,19.203940864241407,20.723250000000007,21.48290456787931,19.963595432120705,20.111486673673248,20.88963062962929,16.854921875000052,18.598335937500003,18.402212499999997,19.018687500000013,20.723250000000007,,,,,,,,,,,,
1763411400,22.066720385915247,22.95,22.066720385915247,22.61,,,,,,,,,,,,,,20.754125000000005,22.3955430416639,19.112706958336112,20.754125000000005,21.57483402083195,19.93341597916806,20.20946758843116,21.04602784511754,16.85929687500005,18.605429687500003,18.434199999999997,19.067406250000012,20.754125000000005,,,,,,,,,,,,
1763453700,22.338360192957623,23.65,22.338360192957623,23.3325,,,,,,,,,,,,,,20.888625000000005,22.875835026016368,18.90141497398364,20.888625000000005,21.882230013008186,19.895019986991823,20.33193944770837,21.253888950106855,16.86421289062505,18.615218750000004,18.4703125,19.127093750000014,20.888625000000005,,,,,,,,,,,,
1763457300,22.83543009647881,23.43,22.83543009647881,23.22,,,,,,,,,,,,,,21.054875000000003,23.229283238464003,18.880466761536002,21.054875000000003,22.142079119232,19.967670880768004,20.445196724268826,21.43262631827896,16.869220703125052,18.62535937500001,18.5052625,19.187250000000013,21.054875000000003,,,,,,,,,,,,
1763460900,23.027715048239404,23.31,23,23.2275,,,,,,,,,,,,,,21.212750000000007,23.531891489862048,18.893608510137966,21.212750000000007,22.372320744931027,20.053179255068986,20.55430665665044,21.595796652980873,16.87424218750005,18.635296875000005,18.539587499999996,19.248187500000014,21.212750000000007,,,,,,,,,,,,
1763464500,23.127607524119703,23.59,23.07,23.3825,,,,,,,,,,,,,,21.364250000000006,23.830049109822156,18.898450890177855,21.364250000000006,22.59714955491108,20.13135044508893,20.665216199526892,21.758224229982613,16.87936914062505,18.645664062500007,18.574274999999997,19.314812500000013,21.364250000000006,,,,,,,,,,,,
1763468100,23.255053762059852,23.91,23.255053762059852,23.552500000000002,,,,,,,,,,,,,,21.541250000000005,24.099978443973647,18.982521556026363,21.541250000000005,22.820614221986826,20.261885778013184,20.77844301523172,21.9213402090751,16.884837890625054,18.65662500000001,18.610474999999997,19.380875000000014,21.541250000000005,,,,,,,,,,,,
1763471700,23.403776881029927,23.82,23.36,23.599999999999998,,,,,,,,,,,,,,21.719750000000005,24.32945443728785,19.11004556271216,21.719750000000005,23.024602218643928,20.414897781356082,20.889092308752044,22.07394564461373,16.890410156250052,18.666093750000005,18.6469125,19.447906250000013,21.719750000000005,,,,,,,,,,,,
1763475300,23.50188844051496,23.87,23.50188844051496,23.805,,,,,,,,,,,,,,21.925375000000003,24.51171134461961,19.339038655380396,21.925375000000003,23.218543172309808,20.632206827690197,21.003441629977456,22.231314222376117,16.896185546875053,18.675312500000008,18.6842375,19.521875000000016,21.925375000000003,,,,,,,,,,,,
1763476200,23.65344422025748,25.71,23.4,24.4375,,,,,,,,,,,,,,22.153125000000003,24.781649716927827,19.52460028307218,22.153125000000003,23.467387358463913,20.838862641536092,21.138110585664613,22.43187656579647,16.902574218750054,18.683156250000003,18.724574999999998,19.605437500000015,22.153125000000003,,,,,,,,,,,,
1763479800,24.045472110128742,25.84,23.65,24.515,,,,,,,,,,,,,,22.365500000000004,25.03632459176936,19.694675408230648,22.365500000000004,23.700912295884685,21.030087704115324,21.2705376215209,22.621251423451334,16.909126953125057,18.687640625000004,18.765299999999996,19.68946875000001,22.365500000000004,,,,,,,,,,,,
1763483400,24.28023605506437,24.72,23.52,24.16,,,,,,,,,,,,,,22.548125000000002,25.185075831452995,19.91117416854701,22.548125000000002,23.8666004157265,21.229649584273506,21.383849871657336,22.76113765768303,16.915400390625056,18.688914062500004,18.804149999999996,19.76950000000001,22.548125000000002,,,,,,,,,,,,
1763487000,24.220118027532187,24.97,23.11,24.064999999999998,,,,,,,,,,,,,,22.713250000000002,25.295290907886685,20.13120909211332,22.713250000000002,24.00427045394334,21.422229546056663,21.488993013945283,22.879670597893664,16.921492187500057,18.687171875000004,18.842224999999996,19.846312500000014,22.713250000000002,,,,,,,,,,,,
1763490600,24.142559013766093,24.142559013766093,22.91,23.3325,,,,,,,,,,,,,,22.83025,25.29939504434247,20.361104955657527,22.83025,24.064822522171237,21.59567747782876,21.561287405555273,22.92083690717606,16.925914062500055,18.681898437500003,18.875137499999994,19.913562500000012,22.83025,,,,,,,,,,,,
1763494200,23.737529506883046,24.03,22.95,23.57,,,,,,,,,,,,,,22.957500000000003,25.300482607703323,20.614517392296683,22.957500000000003,24.128991303851663,21.786008696148343,21.640060448474674,22.97985173379642,16.930642578125052,18.666859375000005,18.909074999999994,19.983937500000014,22.957500000000003,,,,,,,,,,,,
1763497800,23.65376475344152,24.74,23.65376475344152,24.240000000000002,,,,,,,,,,,,,,23.130375,25.31048065971027,20.950269340289733,23.130375,24.220427829855133,22.04032217014487,21.742018862259982,23.094410667087654,16.935978515625056,18.655687500000003,18.947162499999994,20.063312500000013,23.130375,,,,,,,,,,,,
1763540100,23.94688237672076,24.61,23.94688237672076,24.43,,,,,,,,,,,,,,23.3025,25.315898867587038,21.28910113241296,23.3025,24.309199433793516,22.29580056620648,21.847429887269396,23.215827879170593,16.941423828125057,18.647312500000005,18.98559999999999,20.144843750000014,23.3025,,,,,,,,,,,,
1763543700,24.18844118836038,24.44,23.92,24.175,,,,,,,,,,,,,,23.47175,25.153687201562725,21.789812798437275,23.47175,24.312718600781363,22.630781399218638,21.938707146592165,23.30302534470054,16.946685546875056,18.640851562500004,19.022549999999995,20.223625000000013,23.47175,,,,,,,,,,,,
1763547300,24.18172059418019,24.18172059418019,23.74,23.86,,,,,,,,,,,,,,23.605375000000002,24.92601052409446,22.284739475905546,23.605375000000002,24.26569276204723,22.945057237952774,22.014051964372864,23.35365940427322,16.951750000000054,18.638492187500002,19.056849999999994,20.299875000000014,23.605375000000002,,,,,,,,,,,,
1763550900,24.020860297090096,24.020860297090096,23.72,23.8525,,,,,,,,,,,,,,23.701125,24.779669708160366,22.622580291839636,23.701125,24.240397354080184,23.16185264591982,22.086147965770007,23.39900854933929,16.956855468750057,18.638335937500003,19.090874999999993,20.377000000000013,23.701125,,,,,,,,,,,,
1763554500,23.936680148545047,24.05,23.72,23.92,,,,,,,,,,,,,,23.764375,24.732859479741435,22.795890520258567,23.764375,24.24861723987072,23.280132760129284,22.158063731818242,23.44637140849026,16.96208593750006,18.638101562500005,19.12976249999999,20.453812500000012,23.764375,,,,,,,,,,,,
1763558100,23.928340074272526,24.18,23.74,23.947499999999998,,,,,,,,,,,,,,23.83125,24.643816151153533,23.018683848846468,23.83125,24.237533075576767,23.424966924423234,22.228237703119486,23.491928553172965,16.967361328125058,18.637960937500004,19.169737499999993,20.53215625000001,23.83125,,,,,,,,,,,,
1763561700,23.937920037136262,23.937920037136262,23.78,23.814999999999998,,,,,,,,,,,,,,23.855375,24.635271267141196,23.0754787328588,23.855375,24.245323133570597,23.4654268664294,22.290463675546174,23.521298684702696,16.97257812500006,18.6374921875,19.208449999999992,20.61012500000001,23.855375,,,,,,,,,,,,
1763562600,23.87646001856813,24.05,21.93,23.0625,,,,,,,,,,,,,,23.847499999999997,24.655571778990705,23.039428221009288,23.847499999999997,24.25153588949535,23.443464110504642,22.32073960983848,23.47958971336609,16.977259765625057,18.634507812500004,19.243162499999993,20.68018750000001,23.847499999999997,,,,,,,,,,,,
1763566200,23.469480009284066,23.98,22.34,23.12,,,,,,,,,,,,,,23.842124999999996,24.667858423994364,23.016391576005628,23.842124999999996,24.254991711997178,23.429258288002814,22.352083154550698,23.446899739423717,16.982058593750057,18.632867187500004,19.278724999999994,20.752312500000013,23.842124999999996,,,,,,,,,,,,
1763569800,23.294740004642033,24.4,23.294740004642033,23.972499999999997,,,,,,,,,,,,,,23.871624999999995,24.671314431905756,23.071935568094233,23.871624999999995,24.271469715952875,23.471780284047114,22.415628913195768,23.494681581294287,16.987435546875055,18.635031250000004,19.31649999999999,20.835562500000012,23.871624999999995,,,,,,,,,,,,
1763573400,23.633620002321017,24.79,23.29,23.9975,,,,,,,,,,,,,,23.893874999999998,24.681481302349873,23.106268697650123,23.893874999999998,24.287678151174934,23.500071848825062,22.4776630734626,23.54039234663117,16.992742187500056,18.641132812500004,19.353362499999992,20.920718750000013,23.893874999999998,,,,,,,,,,,,
1763577000,23.815560001160506,24.3,23.21,23.87,,,,,,,,,,,,,,23.907374999999995,24.683542628481117,23.131207371518872,23.907374999999995,24.295458814240554,23.519291185759435,22.53226452156211,23.57035667875561,16.998199218750056,18.649570312500003,19.388312499999994,21.004218750000014,23.907374999999995,,,,,,,,,,,,
1763580600,23.842780000580255,24.34,23.02,23.7175,,,,,,,,,,,,,,23.902999999999995,24.68240618422086,23.12359381577913,23.902999999999995,24.29270309211043,23.51329690788956,22.578744344245948,23.58373334432328,17.003556640625057,18.659648437500003,19.422849999999993,21.08562500000001,23.902999999999995,,,,,,,,,,,,
1763584200,23.780140000290128,23.87,23.12,23.490000000000002,,,,,,,,,,,,,,23.855624999999996,24.614223831729834,23.09702616827016,23.855624999999996,24.234924415864914,23.47632558413508,22.61447986015787,23.575212131202985,17.008775390625054,18.668476562500004,19.457262499999995,21.16450000000001,23.855624999999996,,,,,,,,,,,,
1763626500,23.635070000145063,23.635070000145063,20.58,20.75,,,,,,,,,,,,,,23.667375,25.175932651368097,22.158817348631903,23.667375,24.421653825684047,22.913096174315953,22.541363002896777,23.318374664729987,17.011841796875053,18.668382812500006,19.478662499999995,21.209687500000012,23.667375,,,,,,,,,,,,
1763630100,22.19253500007253,22.19253500007253,20.74,20.9625,,,,,,,,,,,,,,23.507499999999997,25.401765028976225,21.61323497102377,23.507499999999997,24.45463251448811,22.560367485511883,22.479446806704747,23.104204240663623,17.015060546875056,18.668734375000003,19.501424999999994,21.257218750000014,23.507499999999997,,,,,,,,,,,,
1763633700,21.577517500036265,21.577517500036265,20.67,20.97,,,,,,,,,,,,,,23.352749999999997,25.524861818024586,21.180638181975407,23.352749999999997,24.43880590901229,22.266694090987702,22.420252814284954,22.910185673330567,17.018345703125057,18.669625000000003,19.522012499999995,21.304718750000013,23.352749999999997,,,,,,,,,,,,
1763637300,21.273758750018132,21.273758750018132,20.73,20.9125,,,,,,,,,,,,,,23.231749999999998,25.650507480609004,20.812992519390992,23.231749999999998,24.4411287403045,22.022371259695497,22.361125252940447,22.72857788484597,17.021732421875054,18.671359375,19.541262499999995,21.348468750000016,23.231749999999998,,,,,,,,,,,,
1763640900,21.093129375009067,21.093129375009067,20.51,20.759999999999998,,,,,,,,,,,,,,23.091249999999995,25.731411690124755,20.451088309875235,23.091249999999995,24.411330845062377,21.771169154937613,22.29833602733494,22.54961625895088,17.024845703125056,18.673234375,19.563512499999995,21.386781250000016,23.091249999999995,,,,,,,,,,,,
1763644500,20.92656468750453,20.92656468750453,19.63,20.165,,,,,,,,,,,,,,22.887499999999996,25.760313951512046,20.014686048487945,22.887499999999996,24.32390697575602,21.45109302424397,22.214675790968865,22.33283296268262,17.027294921875054,18.6754296875,19.583337499999995,21.416156250000018,22.887499999999996,,,,,,,,,,,,
1763648100,20.545782343752265,20.545782343752265,19.57,19.6525,,,,,,,,,,,,,,22.648625,25.75378178951992,19.54346821048008,22.648625,24.201203394759958,21.09604660524004,22.114198308970085,22.08916632971147,17.029367187500053,18.677859375,19.600812499999996,21.441000000000017,22.648625,,,,,,,,,,,,
1763649000,20.099141171876134,20.099141171876134,19.28,19.61,,,,,,,,,,,,,,22.420375,25.708883885118173,19.131866114881827,22.420375,24.064629442559088,20.776120557440912,22.015994453716356,21.863787572464975,17.03141601562505,18.6800625,19.61799999999999,21.466875000000012,22.420375,,,,,,,,,,,,
1763652600,19.854570585938067,22.03,19.65,20.7975,,,,,,,,,,,,,,22.267249999999997,25.558563149793244,18.97593685020675,22.267249999999997,23.91290657489662,20.621593425103374,21.968210357492186,21.766852338604522,17.034457031250053,18.6866015625,19.641599999999993,21.507531250000014,22.267249999999997,,,,,,,,,,,,
1763656200,20.32603529296903,28.27,20.32603529296903,24.6325,,,,,,,,,,,,,,22.30625,25.688990937464798,18.9235090625352,22.30625,23.9976204687324,20.614879531267597,22.0726923042572,22.027365762367747,17.040447265625055,18.7056640625,19.684237499999995,21.596375000000016,22.30625,,,,,,,,,,,,
1763659800,22.479267646484516,27.85,22.479267646484516,25.8025,,,,,,,,,,,,,,22.400375,26.05159578043765,18.74915421956235,22.400375,24.225985390218824,20.574764609781177,22.2189592727177,22.37055978397068,17.047166015625056,18.728492187500002,19.732249999999997,21.697531250000015,22.400375,,,,,,,,,,,,
1763663400,24.140883823242255,27.5,24.140883823242255,25.7375,,,,,,,,,,,,,,22.489875,26.369041622806968,18.610708377193035,22.489875,24.429458311403486,20.550291688596516,22.35694126202289,22.676645258155165,17.053546875000055,18.7516328125,19.777837499999997,21.796062500000012,22.489875,,,,,,,,,,,,
1763667000,24.93919191162113,26.18,24.83,25.5175,,,,,,,,,,,,,,22.575,26.63714967720298,18.512850322797018,22.575,24.60607483860149,20.54392516139851,22.480884741943562,22.93490478014106,17.059878906250056,18.7731015625,19.820049999999995,21.893781250000014,22.575,,,,,,,,,,,,
1763670600,25.228345955810564,27.09,25.228345955810564,26.0925,,,,,,,,,,,,,,22.726499999999998,27.0665784555121,18.386421544487895,22.726499999999998,24.89653922775605,20.556460772243945,22.622516712847737,23.22195889103733,17.066693359375055,18.796203124999998,19.862649999999995,21.997718750000015,22.726499999999998,,,,,,,,,,,,
1763712900,25.660422977905284,26.3,25.34,25.7675,,,,,,,,,,,,,,22.858875,27.395917669790514,18.32183233020949,22.858875,25.127396334895256,20.590353665104747,22.745849390775277,23.453371719124842,17.073289062500052,18.818335937500002,19.901487499999998,22.096750000000014,22.858875,,,,,,,,,,,,
1763716500,25.71396148895264,27.63,25.48,26.4875,,,,,,,,,,,,,,22.984625,27.77073570572965,18.198514294270353,22.984625,25.377680352864825,20.591569647135177,22.89258078721546,23.729201562840764,17.080525390625052,18.8429296875,19.944262499999997,22.202625000000015,22.984625,,,,,,,,,,,,
1763720100,26.100730744476323,27.84,26.100730744476323,26.994999999999997,,,,,,,,,,,,,,23.1345,28.216669221897256,18.052330778102743,23.1345,25.675584610948626,20.593415389051373,23.05345997203054,24.02609232985524,17.088240234375053,18.869375,19.992024999999998,22.313406250000014,23.1345,,,,,,,,,,,,
1763723700,26.54786537223816,27.38,26.31,26.7975,,,,,,,,,,,,,,23.280875,28.602346900470796,17.959403099529208,23.280875,25.941610950235397,20.620139049764607,23.200285071166597,24.27803848168658,17.096070312500053,18.895000000000003,20.039312499999998,22.419750000000015,23.280875,,,,,,,,,,,,
1763727300,26.67268268611908,27.62,25.57,26.479999999999997,,,,,,,,,,,,,,23.419,28.919045545265966,17.918954454734035,23.419,26.16902277263298,20.66897722736702,23.328901342885555,24.478216801533254,17.103482421875054,18.9195859375,20.081799999999998,22.516562500000013,23.419,,,,,,,,,,,,
1763730900,26.57634134305954,26.57634134305954,25.11,25.3675,,,,,,,,,,,,,,23.512875,29.07826565901939,17.947484340980612,23.512875,26.295570329509697,20.730179670490305,23.408846388262592,24.559060728666594,17.109414062500054,18.940890625,20.119599999999995,22.594250000000013,23.512875,,,,,,,,,,,,
1763734500,25.97192067152977,25.97192067152977,25.17,25.302500000000002,,,,,,,,,,,,,,23.740500000000004,29.206776291955883,18.274223708044126,23.740500000000004,26.473638145977944,21.007361854022065,23.48310731421308,24.62664611696963,17.114861328125052,18.963234375000003,20.157624999999996,22.662875000000014,23.740500000000004,,,,,,,,,,,,
1763735400,25.637210335764884,26.97,25.06,26.0175,,,,,,,,,,,,,,23.993250000000003,29.389372241943732,18.597127758056274,23.993250000000003,26.691311120971868,21.29518887902814,23.582495262675312,24.753087379063302,17.121349609375052,18.988765625000003,20.200124999999996,22.729468750000013,23.993250000000003,,,,,,,,,,,,
1763739000,25.82735516788244,27.55,25.43,26.2975,,,,,,,,,,,,,,24.259625000000003,29.557569713518586,18.96168028648142,24.259625000000003,26.908597356759294,21.610652643240712,23.688966036688043,24.893488526421184,17.128333984375054,19.014984375,20.244149999999998,22.797406250000016,24.259625000000003,,,,,,,,,,,,
1763742600,26.062427583941222,26.062427583941222,24.08,24.8025,,,,,,,,,,,,,,24.454125,29.527111367762057,19.381138632237946,24.454125,26.99061818388103,21.917631816118973,23.732634035249298,24.885216842201075,17.134353515625055,19.037046874999998,20.280687499999996,22.850531250000014,24.454125,,,,,,,,,,,,
1763746200,25.432463791970612,25.432463791970612,23.75,24.275,,,,,,,,,,,,,,24.629875000000002,29.414093189788147,19.845656810211857,24.629875000000002,27.021984094894073,22.23776590510593,23.75390328876893,24.829742583819158,17.139951171875055,19.058124999999997,20.315112499999994,22.888687500000014,24.629875000000002,,,,,,,,,,,,
1763749800,24.853731895985305,24.853731895985305,22.54,23.395,,,,,,,,,,,,,,24.791375000000002,29.162001521163745,20.42074847883626,24.791375000000002,26.976688260581874,22.60606173941813,23.73982864999368,24.699311439835597,17.144806640625056,19.07571875,20.341749999999998,22.916656250000013,24.791375000000002,,,,,,,,,,,,
1763753400,24.12436594799265,24.12436594799265,22.54,23.075000000000003,,,,,,,,,,,,,,24.9625,28.743084941513747,21.18191505848625,24.9625,26.852792470756874,23.072207529243123,23.71375693822922,24.551646763486907,17.149419921875054,19.092054687500003,20.364974999999998,22.937593750000016,24.9625,,,,,,,,,,,,
1763757000,23.599682973996327,23.84,23.34,23.552500000000002,,,,,,,,,,,,,,25.159625,28.126973679798287,22.19227632020171,25.159625,26.64329933989914,23.675950660100856,23.707433136730035,24.460815239533552,17.154410156250055,19.10946875,20.393462499999995,22.957281250000015,25.159625,,,,,,,,,,,,
1763972100,23.576091486998166,23.576091486998166,22.43,22.68,,,,,,,,,,,,,,25.253750000000004,27.74248486936627,22.76501513063374,25.253750000000004,26.498117434683138,24.00938256531687,23.667141641171995,24.2989229450305,17.158630859375055,19.124226562500002,20.420049999999996,22.962187500000017,25.253750000000004,,,,,,,,,,,,
1763975700,23.128045743499083,23.68,22.74,23.165,,,,,,,,,,,,,,25.180375,27.820005786208526,22.540744213791477,25.180375,26.500190393104262,23.86055960689574,23.647449812106426,24.195839040936818,17.16319726562505,19.140421875,20.450024999999997,22.97203125000002,25.180375,,,,,,,,,,,,
1763979300,23.14652287174954,23.65,23.14652287174954,23.505000000000003,,,,,,,,,,,,,,25.0655,27.785579778241907,22.345420221758094,25.0655,26.42553988912095,23.70546011087905,23.641863544965,24.133035491760744,17.168111328125057,19.157359375000002,20.4812625,22.98837500000002,25.0655,,,,,,,,,,,,
1763982900,23.32576143587477,23.62,23.12,23.385,,,,,,,,,,,,,,24.947875,27.74394200339964,22.15180799660036,24.947875,26.34590850169982,23.54984149830018,23.631790464770294,24.06503226523704,17.172974609375053,19.1742265625,20.512012499999997,23.00578125000002,24.947875,,,,,,,,,,,,
1763986500,23.355380717937386,23.355380717937386,22.49,22.865,,,,,,,,,,,,,,24.81525,27.739358795855765,21.891141204144233,24.81525,26.27730439792788,23.353195602072116,23.601720250465576,23.955938422942765,17.177480468750055,19.188890625000003,20.528399999999998,23.03356250000002,24.81525,,,,,,,,,,,,
1763990100,23.110190358968694,23.110190358968694,22.35,22.494999999999997,,,,,,,,,,,,,,24.635375,27.663812004050126,21.606937995949874,24.635375,26.149593502025063,23.121156497974937,23.55831945632967,23.823125839038877,17.181818359375054,19.20015625,20.541212499999997,23.06606250000002,24.635375,,,,,,,,,,,,
1763993700,22.802595179484346,22.802595179484346,22.35,22.465,,,,,,,,,,,,,,24.47025,27.592449505156633,21.348050494843367,24.47025,26.031349752578315,22.909150247421685,23.515444183532427,23.699659853671704,17.186212890625054,19.2108984375,20.55395,23.096000000000014,24.47025,,,,,,,,,,,,
1763994600,22.633797589742173,22.69,21.26,21.925,,,,,,,,,,,,,,24.242124999999998,27.40784224692851,21.076407753071486,24.242124999999998,25.824983623464256,22.65926637653574,23.4530738233939,23.53832713970155,17.190255859375053,19.220218749999997,20.566512499999998,23.11565625000002,24.242124999999998,,,,,,,,,,,,
1763998200,22.279398794871085,22.279398794871085,20.93,21.2125,,,,,,,,,,,,,,23.952999999999996,27.11645602150574,20.78954397849425,23.952999999999996,25.53472801075287,22.371271989247123,23.365208183260805,23.32688830881959,17.193832031250054,19.225578125,20.5762625,23.13065625000002,23.952999999999996,,,,,,,,,,,,
1764001800,21.745949397435542,21.745949397435542,20.96,21.1275,,,,,,,,,,,,,,23.669499999999996,26.778264867274633,20.56073513272536,23.669499999999996,25.223882433637314,22.115117566362677,23.277454921172147,23.12694391710872,17.19737695312505,19.228765624999998,20.5858875,23.144375000000018,23.669499999999996,,,,,,,,,,,,
1764005400,21.43672469871777,21.43672469871777,20.68,20.8625,,,,,,,,,,,,,,23.388624999999998,26.445571791735304,20.33167820826469,23.388624999999998,24.91709839586765,21.860151604132344,23.182750806616376,22.921085379189744,17.20070898437505,19.233757812499995,20.594524999999997,23.15900000000002,23.388624999999998,,,,,,,,,,,,
1764009000,21.149612349358886,21.149612349358886,20.55,20.744999999999997,,,,,,,,,,,,,,23.1575,26.279327990136604,20.035672009863394,23.1575,24.7184139950683,21.596586004931698,23.087152735768676,22.72325943562704,17.204050781250054,19.240226562499995,20.605225,23.16978125000002,23.1575,,,,,,,,,,,,
1764012600,20.94730617467944,20.94730617467944,20.6,20.740000000000002,,,,,,,,,,,,,,22.929375,26.05768160062278,19.801068399377222,22.929375,24.49352830031139,21.36522169968861,22.995107530444415,22.54296312329731,17.207375000000052,19.247304687499998,20.618325,23.175687500000024,22.929375,,,,,,,,,,,,
1764016200,20.84365308733972,20.84365308733972,20.41,20.615000000000002,,,,,,,,,,,,,,22.659249999999997,25.601765123155854,19.71673487684414,22.659249999999997,24.130507561577925,21.187992438422068,22.90176998023091,22.367693748452098,17.210613281250055,19.253609374999996,20.629562500000002,23.17703125000002,22.659249999999997,,,,,,,,,,,,
1764058500,20.729326543669863,20.729326543669863,20.42,20.545,,,,,,,,,,,,,,22.371624999999998,24.93562981425064,19.807620185749357,22.371624999999998,23.653627407125317,21.08962259287468,22.80934762806499,22.201994316774634,17.213720703125055,19.259148437499995,20.638187500000004,23.17431250000002,22.371624999999998,,,,,,,,,,,,
1764062100,20.637163271834932,20.81,20.52,20.625,,,,,,,,,,,,,,22.162749999999996,24.576857443756523,19.748642556243468,22.162749999999996,23.36980372187826,20.95569627812173,22.723686936768324,22.05863119706785,17.216892578125055,19.264515624999994,20.6470375,23.169718750000023,22.162749999999996,,,,,,,,,,,,
1764065700,20.631081635917468,20.79,20.51,20.6225,,,,,,,,,,,,,,21.980124999999994,24.277223427908794,19.683026572091194,21.980124999999994,23.128674213954394,20.831575786045594,22.64128744905192,21.92807381551623,17.220166015625058,19.26914062499999,20.6568125,23.16468750000002,21.980124999999994,,,,,,,,,,,,
1764069300,20.626790817958735,20.68,20.31,20.4675,,,,,,,,,,,,,,21.83375,24.12464311186707,19.542856888132928,21.83375,22.979196555933534,20.688303444066463,22.556040882422433,21.795294377742024,17.223353515625057,19.273328124999992,20.665287500000005,23.16075000000002,21.83375,,,,,,,,,,,,
1764072900,20.547145408979368,20.547145408979368,19.95,20.2225,,,,,,,,,,,,,,21.691124999999996,24.0101568427094,19.372093157290593,21.691124999999996,22.850640921354696,20.531609078645296,22.464529475268613,21.652313070674566,17.226261718750056,19.277164062499995,20.669525000000004,23.151187500000024,21.691124999999996,,,,,,,,,,,,
1764076500,20.384822704489686,20.384822704489686,19.95,20.119999999999997,,,,,,,,,,,,,,21.5195,23.769129191666817,19.269870808333184,21.5195,22.64431459583341,20.39468540416659,22.372587142905136,21.513011882431424,17.229136718750052,19.281953124999994,20.672800000000002,23.142812500000026,21.5195,,,,,,,,,,,,
1764080100,20.25241135224484,20.25241135224484,20.15,20.185,,,,,,,,,,,,,,21.39475,23.64983475450478,19.139665245495216,21.39475,22.522292377252388,20.26720762274761,22.28679941181082,21.392283529483112,17.232009765625055,19.288046874999996,20.6751375,23.130281250000024,21.39475,,,,,,,,,,,,
1764081000,20.21870567612242,21.77,20.02,20.634999999999998,,,,,,,,,,,,,,21.268250000000002,23.391946129393116,19.144553870606888,21.268250000000002,22.330098064696557,20.206401935303447,22.222022964288826,21.323439572257374,17.235109375000054,19.296578124999993,20.679825,23.114000000000026,21.268250000000002,,,,,,,,,,,,
1764084600,20.426852838061208,20.426852838061208,19.49,19.9725,,,,,,,,,,,,,,21.091625,23.020480408655583,19.162769591344418,21.091625,22.05605270432779,20.12719729567221,22.13380637745397,21.200626883870342,17.237724609375054,19.304031249999994,20.682050000000004,23.080468750000026,21.091625,,,,,,,,,,,,
1764088200,20.199676419030602,20.199676419030602,19.01,19.305,,,,,,,,,,,,,,20.887624999999996,22.659773748694807,19.115476251305186,20.887624999999996,21.7736993743474,20.00155062565259,22.0228727940244,21.028297167154857,17.239845703125052,19.310249999999996,20.682550000000003,23.039156250000026,20.887624999999996,,,,,,,,,,,,
1764091800,19.7523382095153,19.7523382095153,19.02,19.0975,,,,,,,,,,,,,,20.69925,22.389657569197453,19.008842430802545,20.69925,21.544453784598726,19.854046215401272,21.908152292297956,20.85277015195896,17.241878906250054,19.316296875,20.68295,22.986218750000024,20.69925,,,,,,,,,,,,
1764095400,19.42491910475765,19.42491910475765,18.87,19.03,,,,,,,,,,,,,,20.526,22.153805578071264,18.898194421928736,20.526,21.339902789035634,19.712097210964366,21.795283574952936,20.687063774508147,17.243583984375054,19.321749999999998,20.6857,22.933843750000026,20.526,,,,,,,,,,,,
1764099000,19.227459552378825,19.227459552378825,18.67,18.884999999999998,,,,,,,,,,,,,,20.346999999999998,21.866282396396553,18.827717603603443,20.346999999999998,21.106641198198275,19.58735880180172,21.681154807307724,20.523239795007406,17.245179687500052,19.327304687499996,20.69085,22.879562500000024,20.346999999999998,,,,,,,,,,,,
1764102600,19.05622977618941,19.05622977618941,18.39,18.5875,,,,,,,,,,,,,,20.180124999999997,21.70261676927189,18.657633230728102,20.180124999999997,20.941370884635944,19.41887911536405,21.559835010942717,20.347263450006732,17.24651757812505,19.331749999999996,20.695925000000003,22.819625000000023,20.180124999999997,,,,,,,,,,,,
1764144900,18.821864888094705,18.821864888094705,18.15,18.244999999999997,,,,,,,,,,,,,,20.031749999999995,21.694790212983758,18.368709787016233,20.031749999999995,20.86327010649188,19.200229893508112,21.429841481101825,20.156148590915212,17.247539062500053,19.335187499999996,20.700062499999998,22.753281250000022,20.031749999999995,,,,,,,,,,,,
1764148500,18.53343244404735,18.53343244404735,18.27,18.3175,,,,,,,,,,,,,,19.89125,21.6331853461022,18.1493146538978,19.89125,20.762217673051097,19.0202823269489,21.307788873999794,19.98899871901383,17.24863085937505,19.3388671875,20.7043125,22.687250000000027,19.89125,,,,,,,,,,,,
1764152100,18.425466222023672,18.425466222023672,18.27,18.332500000000003,,,,,,,,,,,,,,19.76475,21.572401722539595,17.957098277460403,19.76475,20.668575861269797,18.8609241387302,21.19111087894098,19.83840792637621,17.249736328125053,19.342562499999996,20.7088,22.618843750000025,19.76475,,,,,,,,,,,,
1764155700,18.378983111011838,18.59,18.28,18.4425,,,,,,,,,,,,,,19.649624999999997,21.485947598973496,17.813302401026498,19.649624999999997,20.567786299486745,18.73146370051325,21.083322217021724,19.711507205796554,17.250925781250054,19.347648437499995,20.7122375,22.543906250000028,19.649624999999997,,,,,,,,,,,,
1764159300,18.41074155550592,18.7,18.19,18.42,,,,,,,,,,,,,,19.533624999999997,21.3728826457638,17.694367354236196,19.533624999999997,20.453253822881898,18.613996177118096,20.97887820851107,19.59409745981505,17.25226953125005,19.353718749999995,20.7127875,22.467718750000024,19.533624999999997,,,,,,,,,,,,
1764162900,18.415370777752962,18.415370777752962,17.95,18.09,,,,,,,,,,,,,,19.407375,21.278751148052688,17.53599885194731,19.407375,20.343063074026343,18.471686925973653,20.86558886700083,19.45736132710459,17.253511718750055,19.3589140625,20.712699999999998,22.391843750000028,19.407375,,,,,,,,,,,,
1764166500,18.25268538887648,18.25268538887648,17.92,17.962500000000002,,,,,,,,,,,,,,19.278249999999996,21.174048050953857,17.382451949046136,19.278249999999996,20.22614902547693,18.330350974523064,20.751742244765506,19.321464842822355,17.25471679687505,19.363429687499995,20.7124875,22.315562500000027,19.278249999999996,,,,,,,,,,,,
1764167400,18.10759269443824,18.12,17.66,17.86,,,,,,,,,,,,,,19.139999999999997,21.026037512882603,17.25396248711739,19.139999999999997,20.0830187564413,18.196981243558692,20.638340588108036,19.188604402565776,17.255880859375054,19.367374999999996,20.712225000000004,22.247156250000025,19.139999999999997,,,,,,,,,,,,
1764171000,17.98379634721912,17.98379634721912,17.45,17.6575,,,,,,,,,,,,,,18.991749999999996,20.85433563561527,17.12916436438472,18.991749999999996,19.923042817807634,18.06045718219236,20.521444878770467,19.049413093241615,17.256896484375055,19.370648437499998,20.711400000000005,22.173250000000028,18.991749999999996,,,,,,,,,,,,
1764174600,17.82064817360956,17.82064817360956,17.35,17.450000000000003,,,,,,,,,,,,,,18.840874999999997,20.689659245795134,16.99209075420486,18.840874999999997,19.765267122897566,17.91648287710243,20.400996059995155,18.904011902946923,17.257642578125054,19.3739296875,20.709075000000002,22.088375000000028,18.840874999999997,,,,,,,,,,,,
1764178200,17.63532408680478,17.67,17.22,17.38,,,,,,,,,,,,,,18.698749999999997,20.537841827506327,16.859658172493667,18.698749999999997,19.618295913753162,17.779204086246832,20.282525626269855,18.765465366315386,17.258232421875057,19.3771484375,20.705075,22.00025000000003,18.698749999999997,,,,,,,,,,,,
1764181800,17.50766204340239,17.50766204340239,16.98,17.185000000000002,,,,,,,,,,,,,,18.552,20.382413614459857,16.721586385540142,18.552,19.46720680722993,17.63679319277007,20.161054033082802,18.62178669665035,17.258537109375055,19.379679687499998,20.697562500000004,21.912875000000028,18.552,,,,,,,,,,,,
1764185400,17.346331021701197,17.346331021701197,16.93,17.0475,,,,,,,,,,,,,,18.395125,20.175950984620634,16.614299015379366,18.395125,19.285537992310317,17.504712007689683,20.038953874922694,18.47866972422759,17.258677734375055,19.383703125,20.68615,21.827718750000027,18.395125,,,,,,,,,,,,
1764189000,17.196915510850598,17.28,16.99,17.115000000000002,,,,,,,,,,,,,,18.219125,19.75918122868132,16.679068771318676,18.219125,18.98915311434066,17.449096885659337,19.92428901708259,18.354699749297808,17.258806640625053,19.38796875,20.6721875,21.74350000000003,18.219125,,,,,,,,,,,,
1764231300,17.155957755425298,17.22,17.13,17.1775,,,,,,,,,,,,,,18.079375,19.456249971629695,16.702500028370302,18.079375,18.767812485814847,17.39093751418515,19.81657180072641,18.247681590270734,17.25900585937506,19.39259375,20.6592625,21.65921875000003,18.079375,,,,,,,,,,,,
1764234900,17.16672887771265,17.18,17.08,17.1325,,,,,,,,,,,,,,17.970750000000002,19.28508262532727,16.656417374672735,17.970750000000002,18.627916312663636,17.31358368733637,19.711314083050866,18.14630144570067,17.259201171875056,19.3971328125,20.648775,21.574031250000026,17.970750000000002,,,,,,,,,,,,
1764238500,17.149614438856325,17.149614438856325,17.08,17.1175,,,,,,,,,,,,,,17.87175,19.128714697197314,16.614785302802684,17.87175,18.500232348598658,17.24326765140134,19.60959588371554,18.052774041546062,17.25947265625006,19.40165625,20.63925,21.490312500000023,17.87175,,,,,,,,,,,,
1764242100,17.133557219428162,17.14,17.05,17.085,,,,,,,,,,,,,,17.774500000000003,18.956708314976453,16.592291685023554,17.774500000000003,18.365604157488228,17.18339584251178,19.510592123569833,17.964794583223693,17.25973828125006,19.406125,20.627750000000002,21.415593750000024,17.774500000000003,,,,,,,,,,,,
1764245700,17.10927860971408,17.16,17.05,17.1,,,,,,,,,,,,,,17.685250000000003,18.785296476290725,16.585203523709282,17.685250000000003,18.235273238145364,17.135226761854643,19.416059099116115,17.88617689383972,17.25976367187506,19.410648437499997,20.6150875,21.340343750000024,17.685250000000003,,,,,,,,,,,,
1764249300,17.10463930485704,17.23,17.10463930485704,17.1675,,,,,,,,,,,,,,17.614250000000002,18.653836576481122,16.57466342351888,17.614250000000002,18.134043288240562,17.09445671175944,19.327880310915482,17.820842630763384,17.25989257812506,19.4149296875,20.601437500000003,21.255281250000024,17.614250000000002,,,,,,,,,,,,
1764252900,17.13606965242852,17.35,17.13606965242852,17.26,,,,,,,,,,,,,,17.565000000000005,18.573249721050985,16.556750278949025,17.565000000000005,18.069124860525495,17.060875139474515,19.246786965389386,17.76985693705762,17.260179687500063,19.418953124999994,20.5863375,21.171062500000026,17.565000000000005,,,,,,,,,,,,
1764256500,17.19803482621426,17.36,17.19803482621426,17.322499999999998,,,,,,,,,,,,,,17.51525,18.466658035492515,16.56384196450749,17.51525,17.990954017746258,17.039545982253745,19.171324731452547,17.729188124597837,17.26063671875006,19.423148437499997,20.570637499999997,21.089218750000022,17.51525,,,,,,,,,,,,
1764260100,17.26026741310713,17.32,17.21,17.265,,,,,,,,,,,,,,17.461875000000003,18.34092402451423,16.582825975485775,17.461875000000003,17.901399512257115,17.02235048774289,19.096566898846564,17.686989204179852,17.261156250000063,19.427117187499995,20.554537500000002,21.00856250000002,17.461875000000003,,,,,,,,,,,,
1764317700,17.262633706553565,17.43,17.262633706553565,17.42,,,,,,,,,,,,,,17.41075,18.16593060753704,16.65556939246296,17.41075,17.788340303768518,17.033159696231483,19.03081917732317,17.66271745834532,17.261832031250062,19.431593749999998,20.539250000000003,20.93268750000002,17.41075,,,,,,,,,,,,
1764321300,17.341316853276783,17.44,17.341316853276783,17.44,,,,,,,,,,,,,,17.36175,17.959368398311135,16.764131601688867,17.36175,17.660559199155568,17.062940800844434,18.96843411154579,17.642470416677565,17.262548828125063,19.4362265625,20.5236625,20.891312500000023,17.36175,,,,,,,,,,,,
1764324900,17.390658426638392,17.45,17.390658426638392,17.45,,,,,,,,,,,,,,17.32975,17.828287611419377,16.831212388580624,17.32975,17.579018805709687,17.080481194290314,18.908887675798898,17.624973106070513,17.26348632812506,19.4411796875,20.506125,20.847406250000024,17.32975,,,,,,,,,,,,
1764328500,17.420329213319196,17.46,17.420329213319196,17.46,,,,,,,,,,,,,,17.304625,17.716126139123165,16.893123860876837,17.304625,17.51037556956158,17.09887443043842,18.852068551257766,17.609975550973193,17.264468750000063,19.445953125,20.486,20.803531250000024,17.304625,,,,,,,,,,,,
1764332100,17.4401646066596,17.48,17.4401646066596,17.475,,,,,,,,,,,,,,17.285375,17.61999147822544,16.950758521774556,17.285375,17.45268323911272,17.118066760887277,18.798065862973147,17.597705046339268,17.265494140625062,19.450859375,20.463225,20.760562500000024,17.285375,,,,,,,,,,,,
1764335700,17.4575823033298,17.49,17.4575823033298,17.49,,,,,,,,,,,,,,17.277,17.580918574620853,16.97308142537915,17.277,17.428959287310427,17.125040712689575,18.746769162464396,17.587913678490242,17.266560546875063,19.455929687500003,20.4427375,20.719687500000024,17.277,,,,,,,,,,,,
1764340200,17.473791151664898,18.52,15.78,17.4,,,,,,,,,,,,,,17.2745,17.573467389525543,16.975532610474456,17.2745,17.42398369476277,17.125016305237228,18.69395468550501,17.57083061680931,17.267607421875063,19.460671875000003,20.425212499999997,20.68512500000002,17.2745,,,,,,,,,,,,
1764343800,17.436895575832448,17.436895575832448,16.78,16.9175,,,,,,,,,,,,,,17.251375,17.583799709520893,16.918950290479106,17.251375,17.417587354760446,17.085162645239553,18.624289795877363,17.5114369243721,17.26829492187506,19.463984375000003,20.4082625,20.650937500000023,17.251375,,,,,,,,,,,,
1764347400,17.177197787916224,17.177197787916224,16.57,16.8175,,,,,,,,,,,,,,17.233,17.6149999999996,16.8510000000004,17.233,17.4239999999998,17.0420000000002,18.553435294078252,17.44835174942918,17.268898437500063,19.4673046875,20.394199999999998,20.616031250000024,17.233,,,,,,,,,,,,
1764351000,16.99734889395811,16.99734889395811,16.18,16.4325,,,,,,,,,,,,,,17.202250000000003,17.715494337522813,16.689005662477193,17.202250000000003,17.45887216876141,16.945627831238596,18.470261360977144,17.356001590390164,17.269171875000062,19.469679687500005,20.3833,20.561468750000024,17.202250000000003,,,,,,,,,,,,
1764576900,16.714924446979055,18.11,16.714924446979055,17.985,,,,,,,,,,,,,,17.245750000000005,17.859645553004615,16.631854446995394,17.245750000000005,17.55269777650231,16.9388022234977,18.45123150368392,17.41318326399106,17.27076367187506,19.476085937500006,20.379974999999998,20.47837500000002,17.245750000000005,,,,,,,,,,,,
1764580500,17.349962223489527,18.15,17.349962223489527,17.965000000000003,,,,,,,,,,,,,,17.285125,17.973019386878875,16.597230613121127,17.285125,17.629072193439438,16.941177806560564,18.43216360157867,17.463348421810053,17.27253320312506,19.481781250000004,20.376112499999998,20.38040625000002,17.285125,,,,,,,,,,,,
1764584100,17.657481111744765,18.13,17.657481111744765,18.02,,,,,,,,,,,,,,17.329500000000003,18.08360310966025,16.575396890339757,17.329500000000003,17.706551554830128,16.95244844516988,18.416000323085388,17.513953110736413,17.27450000000006,19.487429687500004,20.37265,20.28393750000002,17.329500000000003,,,,,,,,,,,,
1764587700,17.838740555872384,18.24,17.838740555872384,18.1325,,,,,,,,,,,,,,17.38025,18.203865353183488,16.556634646816512,17.38025,17.792057676591742,16.968442323408258,18.40488266335655,17.570184646124012,17.27662890625006,19.493750000000002,20.370524999999997,20.191625000000023,17.38025,,,,,,,,,,,,
1764591300,17.985620277936192,18.33,17.985620277936192,18.197499999999998,,,,,,,,,,,,,,17.435875000000003,18.32024522083482,16.551504779165185,17.435875000000003,17.87806011041741,16.993689889582594,18.396750009891587,17.627213314658192,17.278802734375063,19.4998984375,20.369475,20.092937500000023,17.435875000000003,,,,,,,,,,,,
1764594900,18.091560138968095,18.18,17.95,18.060000000000002,,,,,,,,,,,,,,17.483875,18.393951198732616,16.573798801267387,17.483875,17.93891309936631,17.028836900633692,18.383544127150742,17.666557558780173,17.280861328125063,19.505203125000005,20.3680125,19.996593750000024,17.483875,,,,,,,,,,,,
1764598500,18.075780069484047,18.11,17.97,18.035,,,,,,,,,,,,,,17.527250000000002,18.455389132888776,16.59911086711123,17.527250000000002,17.99131956644439,17.063180433555615,18.369875730007575,17.700052326163792,17.28292382812506,19.510171875000005,20.367925,19.89093750000002,17.527250000000002,,,,,,,,,,,,
1764599400,18.055390034742025,18.055390034742025,17.13,17.625,,,,,,,,,,,,,,17.5455,18.466226072184153,16.62477392781585,17.5455,18.005863036092077,17.085136963907924,18.3406649170661,17.693229387421628,17.284716796875063,19.514273437500005,20.3647125,19.773812500000023,17.5455,,,,,,,,,,,,
1764603000,17.840195017371013,17.840195017371013,16.97,17.335,,,,,,,,,,,,,,17.546125,18.466261504818537,16.625988495181463,17.546125,18.00619325240927,17.08605674759073,18.301227077181156,17.660663079474208,17.28630078125006,19.517468750000006,20.3602,19.65553125000002,17.546125,,,,,,,,,,,,
1764606600,17.587597508685505,17.587597508685505,16.77,16.8975,,,,,,,,,,,,,,17.527750000000005,18.483593737228563,16.571906262771446,17.527750000000005,18.005671868614282,17.049828131385727,18.246178956507386,17.591284617703824,17.28750585937506,19.519210937500006,20.355249999999998,19.53575000000002,17.527750000000005,,,,,,,,,,,,
1764610200,17.242548754342753,17.242548754342753,16.65,16.744999999999997,,,,,,,,,,,,,,17.494000000000003,18.508543493399465,16.479456506600542,17.494000000000003,18.001271746699736,16.98672825330027,18.187309193507097,17.514349652458023,17.28865625000006,19.520382812500007,20.350212499999998,19.427968750000023,17.494000000000003,,,,,,,,,,,,
1764613800,16.993774377171377,17.08,16.58,16.854999999999997,,,,,,,,,,,,,,17.464750000000002,18.51687035908405,16.412629640915956,17.464750000000002,17.990810179542024,16.93868982045798,18.13506177415388,17.454408774961838,17.28996484375006,19.521898437500006,20.345525,19.322375000000022,17.464750000000002,,,,,,,,,,,,
1764617400,16.924387188585687,17.24,16.924387188585687,17.1025,,,,,,,,,,,,,,17.447375,18.511306946836463,16.38344305316354,17.447375,17.979340973418232,16.91540902658177,18.094569155559608,17.422417068147126,17.29155859375006,19.524125000000005,20.342249999999996,19.21093750000002,17.447375,,,,,,,,,,,,
1764621000,17.013443594292845,17.39,17,17.185000000000002,,,,,,,,,,,,,,17.433625,18.50363957349872,16.36361042650128,17.433625,17.96863228674936,16.898617713250637,18.058899776910213,17.40083369831557,17.293220703125055,19.526421875000008,20.338575,19.097031250000022,17.433625,,,,,,,,,,,,
1764663300,17.099221797146424,17.29,16.92,17.1025,,,,,,,,,,,,,,17.415,18.494411876903175,16.335588123096823,17.415,17.954705938451585,16.875294061548413,18.021393903305892,17.373712453014154,17.294855468750058,19.527523437500005,20.334324999999996,19.00078125000002,17.415,,,,,,,,,,,,
1764666900,17.10086089857321,17.10086089857321,16.85,16.9125,,,,,,,,,,,,,,17.386125,18.48665722919629,16.28559277080371,17.386125,17.936391114598145,16.835858885401855,17.97790786788213,17.331784048194685,17.296234375000058,19.52792968750001,20.3291875,18.90875000000002,17.386125,,,,,,,,,,,,
1764670500,17.006680449286605,17.006680449286605,16.69,16.8075,,,,,,,,,,,,,,17.356500000000004,18.48547453469915,16.227525465300857,17.356500000000004,17.920987267349577,16.79201273265043,17.932009520122048,17.284121861995168,17.297500000000056,19.528507812500006,20.323774999999998,18.82640625000002,17.356500000000004,,,,,,,,,,,,
1764674100,16.907090224643305,16.907090224643305,16.66,16.752499999999998,,,,,,,,,,,,,,17.348250000000004,18.49224748688508,16.204252513114927,17.348250000000004,17.920248743442542,16.776251256557465,17.885754244823143,17.235792601813788,17.298789062500056,19.52853906250001,20.317999999999998,18.74737500000002,17.348250000000004,,,,,,,,,,,,
1764677700,16.82979511232165,16.89,16.71,16.7825,,,,,,,,,,,,,,17.346500000000002,18.49384192811007,16.199158071889936,17.346500000000002,17.920170964055036,16.77282903594497,17.84248937247714,17.19458418346708,17.300099609375057,19.528531250000007,20.312549999999998,18.66275000000002,17.346500000000002,,,,,,,,,,,,
1764681300,16.806147556160823,16.806147556160823,16.63,16.707499999999996,,,,,,,,,,,,,,17.360250000000004,18.469403844152872,16.251096155847137,17.360250000000004,17.91482692207644,16.80567307792357,17.797979985321174,17.15030380315189,17.301187500000058,19.527617187500006,20.307287499999997,18.58809375000002,17.360250000000004,,,,,,,,,,,,
1764684900,16.75682377808041,16.75682377808041,16.64,16.655,,,,,,,,,,,,,,17.293750000000006,18.404581332830865,16.182918667169147,17.293750000000006,17.849165666415434,16.73833433358458,17.753157240798775,17.105276184683536,17.302220703125055,19.526390625000012,20.302149999999997,18.506718750000022,17.293750000000006,,,,,,,,,,,,
1764685800,16.705911889040205,16.86,16.48,16.7275,,,,,,,,,,,,,,17.231875000000002,18.323957729237716,16.13979227076229,17.231875000000002,17.77791636461886,16.685833635381144,17.71293538821843,17.07093289516685,17.303292968750057,19.528218750000008,20.296912499999998,18.42200000000002,17.231875000000002,,,,,,,,,,,,
1764689400,16.7167059445201,17.14,16.39,16.8625,,,,,,,,,,,,,,17.174000000000003,18.214339367706092,16.133660632293914,17.174000000000003,17.694169683853048,16.65383031614696,17.679584980837316,17.051984450151682,17.304478515625057,19.531062500000008,20.292824999999997,18.34046875000002,17.174000000000003,,,,,,,,,,,,
1764693000,16.78960297226005,17.31,16.48,16.835,,,,,,,,,,,,,,17.109125000000002,18.060287808092994,16.15796219190701,17.109125000000002,17.5847064040465,16.633543595953505,17.646464001196637,17.032258591046983,17.305681640625057,19.53344531250001,20.289112499999998,18.265093750000023,17.109125000000002,,,,,,,,,,,,
1764696600,16.812301486130025,17.15,16.45,16.7475,,,,,,,,,,,,,,17.036625000000004,17.85694700232524,16.21630299767477,17.036625000000004,17.44678600116262,16.626463998837387,17.611210510953633,17.006371446406348,17.306835937500058,19.53540625000001,20.285562499999997,18.19325000000002,17.036625000000004,,,,,,,,,,,,
1764700200,16.779900743065014,17.02,16.65,16.814999999999998,,,,,,,,,,,,,,16.974375000000002,17.650978419662906,16.2977715803371,16.974375000000002,17.312676709831454,16.63607329016855,17.579986569347607,16.98897404218759,17.308050781250056,19.537929687500007,20.2828875,18.12262500000002,16.974375000000002,,,,,,,,,,,,
1764703800,16.797450371532506,16.797450371532506,16.48,16.605,,,,,,,,,,,,,,16.902875,17.39241119631181,16.413338803688195,16.902875,17.147643098155907,16.658106901844096,17.54175180192221,16.954067311079626,17.309080078125056,19.53851562500001,20.27935,18.056125000000023,16.902875,,,,,,,,,,,,
1764707400,16.701225185766255,16.701225185766255,16.42,16.54,,,,,,,,,,,,,,16.848625000000006,17.235815118028313,16.461434881971698,16.848625000000006,17.04222005901416,16.65502994098585,17.502467417533104,16.916424828254204,17.310113281250057,19.53825000000001,20.276125,17.997718750000026,16.848625000000006,,,,,,,,,,,,
1764749700,16.620612592883127,16.620612592883127,16.42,16.505000000000003,,,,,,,,,,,,,,16.807125000000006,17.152567741273955,16.461682258726057,16.807125000000006,16.97984637063698,16.63440362936303,17.46335104821808,16.879022571140187,17.311228515625054,19.53707812500001,20.2727,17.93993750000002,16.807125000000006,,,,,,,,,,,,
1764753300,16.562806296441565,16.6,16.48,16.5475,,,,,,,,,,,,,,16.789625000000004,17.150115204442884,16.429134795557125,16.789625000000004,16.969870102221442,16.609379897778567,17.427435320836977,16.848884155581988,17.312394531250057,19.536257812500008,20.269412499999998,17.88600000000002,16.789625000000004,,,,,,,,,,,,
1764756900,16.555153148220782,16.63,16.49,16.555,,,,,,,,,,,,,,16.780125000000005,17.15456282861679,16.40568717138322,16.780125000000005,16.967343914308398,16.592906085691613,17.393222171000232,16.822167414165445,17.313546875000053,19.53609375000001,20.2662875,17.83362500000002,16.780125000000005,,,,,,,,,,,,
1764760500,16.55507657411039,16.59,16.46,16.5275,,,,,,,,,,,,,,16.76375,17.152045956712975,16.37545404328703,16.76375,16.95789797835649,16.569602021643515,17.3592722819414,16.795379467423132,17.314626953125053,19.536273437500007,20.26325,17.78096875000002,16.76375,,,,,,,,,,,,
1764764100,16.541288287055195,16.541288287055195,16.26,16.375000000000004,,,,,,,,,,,,,,16.727375000000002,17.118215360633073,16.33653463936693,16.727375000000002,16.922795180316538,16.531954819683467,17.32067336892409,16.757163152202846,17.315607421875054,19.536164062500006,20.259325,17.727968750000024,16.727375000000002,,,,,,,,,,,,
1764767700,16.458144143527598,17.28,16.25,16.767500000000002,,,,,,,,,,,,,,16.706500000000002,17.037333795129534,16.37566620487047,16.706500000000002,16.871916897564766,16.541083102435238,17.29898029563295,16.75810286563895,17.31697265625005,19.535898437500006,20.2573125,17.680750000000025,16.706500000000002,,,,,,,,,,,,
1764771300,16.6128220717638,17.28,16.6128220717638,17.2125,,,,,,,,,,,,,,16.712000000000003,17.071407846324295,16.35259215367571,16.712000000000003,16.89170392316215,16.532296076837856,17.295588911490483,16.79941169603541,17.318544921875052,19.536367187500005,20.2563125,17.63809375000002,16.712000000000003,,,,,,,,,,,,
1764772200,16.9126610358819,17.04,16.5,16.7625,,,,,,,,,,,,,,16.704500000000003,17.05295229228667,16.356047707713337,16.704500000000003,16.878726146143336,16.53027385385667,17.274683463981052,16.79605608730492,17.319769531250053,19.537781250000002,20.251649999999998,17.58984375000002,16.704500000000003,,,,,,,,,,,,
1764775800,16.83758051794095,16.83758051794095,16.29,16.4675,,,,,,,,,,,,,,16.687500000000004,17.0471873642478,16.327812635752206,16.687500000000004,16.867343682123902,16.507656317876105,17.2430292104916,16.766187352095383,17.32077539062505,19.538617187500005,20.2449125,17.539843750000024,16.687500000000004,,,,,,,,,,,,
1764779400,16.652540258970475,16.652540258970475,16.11,16.275000000000002,,,,,,,,,,,,,,16.663625000000003,17.06397633008369,16.263273669916316,16.663625000000003,16.863800665041847,16.46344933495816,17.2050672806684,16.721533956450347,17.321593750000055,19.538984375000005,20.237962500000002,17.49050000000002,16.663625000000003,,,,,,,,,,,,
1764783000,16.46377012948524,16.46377012948524,16.09,16.1175,,,,,,,,,,,,,,16.630375000000004,17.09155087480221,16.1691991251978,16.630375000000004,16.860962937401105,16.399787062598904,17.162417583387285,16.666621778591225,17.322285156250054,19.538812500000002,20.23085,17.44046875000002,16.630375000000004,,,,,,,,,,,,
1764786600,16.29063506474262,16.29063506474262,15.99,16.055,,,,,,,,,,,,,,16.597750000000005,17.12067183928331,16.0748281607167,16.597750000000005,16.859210919641658,16.336289080358352,17.118989442862294,16.611019798719294,17.322960937500053,19.538742187500006,20.223399999999998,17.38884375000002,16.597750000000005,,,,,,,,,,,,
1764790200,16.17281753237131,16.17281753237131,15.93,16.0175,,,,,,,,,,,,,,16.565875000000002,17.145586727930134,15.986163272069868,16.565875000000002,16.855730863965068,16.276019136034936,17.07579377843632,16.557063453381176,17.323580078125055,19.538468750000003,20.2158625,17.33112500000002,16.565875000000002,,,,,,,,,,,,
1764793800,16.095158766185655,16.14,15.96,16.055,,,,,,,,,,,,,,16.532250000000005,17.147487555745347,15.917012444254661,16.532250000000005,16.839868777872677,16.224631222127332,17.03576264987019,16.511421321255614,17.324160156250052,19.538015625000007,20.2075875,17.28215625000002,16.532250000000005,,,,,,,,,,,,
1764836100,16.075079383092827,16.35,16.075079383092827,16.255,,,,,,,,,,,,,,16.501875000000005,17.108824081471912,15.894925918528097,16.501875000000005,16.80534954073596,16.19840045926405,17.005144506738027,16.488110292050557,17.324914062500056,19.536875000000006,20.1995875,17.244031250000024,16.501875000000005,,,,,,,,,,,,
1764839700,16.16503969154641,16.31,16.1,16.207500000000003,,,,,,,,,,,,,,16.470500000000005,17.070155317661346,15.870844682338664,16.470500000000005,16.770327658830674,16.170672341169336,16.973864330003202,16.462600265500505,17.325722656250054,19.534164062500004,20.192124999999997,17.207906250000025,16.470500000000005,,,,,,,,,,,,
1764843300,16.186269845773207,16.29,16.15,16.225,,,,,,,,,,,,,,16.444375000000004,17.038988056953478,15.849761943046529,16.444375000000004,16.741681528476743,16.147068471523266,16.944497101375624,16.441000241364097,17.326476562500055,19.529953125000006,20.1843625,17.172843750000023,16.444375000000004,,,,,,,,,,,,
1764846900,16.205634922886603,16.33,16.1,16.205,,,,,,,,,,,,,,16.413875000000004,16.991656262676052,15.836093737323958,16.413875000000004,16.70276563133803,16.12498436866198,16.915497215047168,16.41954567396736,17.327113281250057,19.524343750000007,20.176162499999997,17.139343750000023,16.413875000000004,,,,,,,,,,,,
1764850500,16.2053174614433,16.2053174614433,16.05,16.115000000000002,,,,,,,,,,,,,,16.389375000000005,16.97417384362024,15.80457615637977,16.389375000000005,16.681774421810122,16.096975578189888,16.88410516739826,16.39185970360669,17.327728515625054,19.518664062500005,20.16665,17.108437500000026,16.389375000000005,,,,,,,,,,,,
1764854100,16.16015873072165,16.18,15.9,16.03,,,,,,,,,,,,,,16.363875000000004,16.96444238797532,15.763307612024686,16.363875000000004,16.664158693987662,16.063591306012345,16.850610847108133,16.358963366915173,17.328367187500053,19.514250000000008,20.1561375,17.080750000000027,16.363875000000004,,,,,,,,,,,,
1764857700,16.095079365360824,16.095079365360824,15.9,15.927499999999998,,,,,,,,,,,,,,16.335000000000004,16.960657653992552,15.709342346007457,16.335000000000004,16.647828826996278,16.02217117300373,16.814410421731342,16.319739424468338,17.32920117187505,19.509835937500007,20.144325,17.050875000000026,16.335000000000004,,,,,,,,,,,,
1764858600,16.011289682680413,16.63,15.95,16.24,,,,,,,,,,,,,,16.319625000000006,16.93871763240588,15.70053236759413,16.319625000000006,16.629171316202942,16.01007868379707,16.791884522839915,16.312490385880306,17.33037304687505,19.504390625000006,20.131849999999996,17.024718750000027,16.319625000000006,,,,,,,,,,,,
1764862200,16.125644841340204,16.6,16.06,16.33,,,,,,,,,,,,,,16.308375000000005,16.91805580788184,15.698694192118172,16.308375000000005,16.61321540394092,16.00353459605909,16.77377140429717,16.314082168982097,17.33163671875005,19.499773437500004,20.117737499999997,16.998312500000026,16.308375000000005,,,,,,,,,,,,
1764865800,16.2278224206701,16.38,15.96,16.175,,,,,,,,,,,,,,16.290750000000006,16.894424374145082,15.68707562585493,16.290750000000006,16.592587187072542,15.988912812927468,16.750290172756106,16.30143833543827,17.33276757812505,19.495015625000004,20.099549999999997,16.97025000000003,16.290750000000006,,,,,,,,,,,,
1764869400,16.201411210335053,16.201411210335053,15.9,16.03,,,,,,,,,,,,,,16.273500000000006,16.8862079238914,15.66079207610861,16.273500000000006,16.5798539619457,15.967146038054308,16.72204349931469,16.2767621231257,17.33377343750005,19.490367187500006,20.076249999999998,16.944500000000026,16.273500000000006,,,,,,,,,,,,
1764873000,16.115705605167527,16.54,15.9,16.16,,,,,,,,,,,,,,16.243125000000006,16.81364203524011,15.672607964759903,16.243125000000006,16.528383517620057,15.957866482379954,16.70000257777294,16.266147384659728,17.33482421875005,19.486203125000007,20.052737499999996,16.921968750000026,16.243125000000006,,,,,,,,,,,,
1764876600,16.137852802583765,16.31,15.88,16.14,,,,,,,,,,,,,,16.189500000000006,16.547517457673788,15.831482542326222,16.189500000000006,16.368508728836897,16.010491271163115,16.67804169237008,16.25467944059975,17.335853515625047,19.481968750000007,20.030674999999995,16.900468750000027,16.189500000000006,,,,,,,,,,,,
1764880200,16.138926401291883,16.138926401291883,15.68,15.9025,,,,,,,,,,,,,,16.146500000000007,16.414060273582017,15.878939726417999,16.146500000000007,16.28028013679101,16.012719863209004,16.647628292669292,16.222663127817956,17.33671875000005,19.477320312500005,20.004074999999997,16.878531250000027,16.146500000000007,,,,,,,,,,,,
1764922500,16.020713200645943,16.020713200645943,15.55,15.637500000000001,,,,,,,,,,,,,,16.105000000000008,16.414689360487507,15.795310639512508,16.105000000000008,16.25984468024376,15.950155319756258,16.608015418446968,16.169466479834504,17.337119140625045,19.469726562500007,19.976474999999997,16.85587500000003,16.105000000000008,,,,,,,,,,,,
1764926100,15.829106600322973,15.829106600322973,15.66,15.715,,,,,,,,,,,,,,16.077000000000005,16.41965361518546,15.73434638481455,16.077000000000005,16.248326807592733,15.905673192407278,16.57299520595885,16.128151345304094,17.33743164062505,19.46124218750001,19.948049999999995,16.835062500000028,16.077000000000005,,,,,,,,,,,,
1764929700,15.772053300161486,15.84,15.72,15.78,,,,,,,,,,,,,,16.060125000000006,16.425619442501574,15.694630557498439,16.060125000000006,16.24287222125079,15.877377778749223,16.541897354744776,16.09650122300372,17.337910156250047,19.454757812500006,19.917062499999997,16.817500000000027,16.060125000000006,,,,,,,,,,,,
1764933300,15.776026650080743,15.86,15.74,15.797500000000001,,,,,,,,,,,,,,16.04725000000001,16.430280351276416,15.664219648723602,16.04725000000001,16.23876517563821,15.855734824361805,16.51270530161753,16.069319293639747,17.33826757812505,19.449867187500008,19.884612499999996,16.801875000000027,16.04725000000001,,,,,,,,,,,,
1764936900,15.786763325040372,15.84,15.71,15.765,,,,,,,,,,,,,,16.03462500000001,16.436906850819934,15.632343149180084,16.03462500000001,16.23576592540997,15.833484074590046,16.483383525083507,16.041653903308863,17.338330078125047,19.445476562500005,19.851549999999996,16.785000000000025,16.03462500000001,,,,,,,,,,,,
1764940500,15.775881662520186,16.18,15.72,15.897499999999999,,,,,,,,,,,,,,16.02675000000001,16.4332721396172,15.620227860382823,16.02675000000001,16.230011069808604,15.823488930191417,16.46040770057043,16.028549003008056,17.33828515625005,19.441226562500006,19.820049999999995,16.769000000000027,16.02675000000001,,,,,,,,,,,,
1764944100,15.836690831260093,15.92,15.836690831260093,15.899999999999999,,,,,,,,,,,,,,16.009000000000007,16.404971589888902,15.613028410111113,16.009000000000007,16.206985794944455,15.81101420505556,16.43843092799904,16.016862730007322,17.33830859375005,19.437054687500005,19.789587499999996,16.75359375000003,16.009000000000007,,,,,,,,,,,,
1764945000,15.868345415630046,15.868345415630046,15.6,15.73,,,,,,,,,,,,,,15.985125000000007,16.387867085582393,15.582382914417622,15.985125000000007,16.186496042791198,15.783753957208814,16.41064932297947,15.990784300006656,17.33817382812505,19.425000000000008,19.765024999999998,16.73625000000003,15.985125000000007,,,,,,,,,,,,
1764948600,15.799172707815023,16,15.59,15.802499999999998,,,,,,,,,,,,,,15.964000000000008,16.358434405192114,15.569565594807901,15.964000000000008,16.16121720259606,15.766782797403954,16.386800329921453,15.973667545460597,17.338146484375052,19.412093750000004,19.744562499999997,16.72021875000003,15.964000000000008,,,,,,,,,,,,
1764952200,15.80083635390751,16.13,15.75,15.915,,,,,,,,,,,,,,15.949500000000006,16.32844788559838,15.570552114401634,15.949500000000006,16.138973942799193,15.76002605720082,16.36829835619904,15.968334132236906,17.33827539062505,19.399585937500007,19.7237875,16.705406250000028,15.949500000000006,,,,,,,,,,,,
1764955800,15.857918176953754,16.01,15.47,15.69,,,,,,,,,,,,,,15.92825000000001,16.315270994261173,15.541229005738845,15.92825000000001,16.12176049713059,15.734739502869427,16.341698420661825,15.943031029306278,17.33820703125005,19.387953125000006,19.700474999999997,16.686937500000028,15.92825000000001,,,,,,,,,,,,
1764959400,15.773959088476877,15.773959088476877,15.43,15.52,,,,,,,,,,,,,,15.902750000000008,16.3251801717433,15.480319828256716,15.902750000000008,16.113965085871655,15.691534914128363,16.30947495318489,15.904573663005706,17.337957031250053,19.376257812500008,19.678012499999998,16.665187500000027,15.902750000000008,,,,,,,,,,,,
1764963000,15.646979544238437,15.646979544238437,15.37,15.469999999999999,,,,,,,,,,,,,,15.879875000000009,16.342137033373792,15.417612966626224,15.879875000000009,16.1110060166869,15.648743983313118,16.276554366785483,15.865066966368824,17.33766796875005,19.364593750000004,19.655212499999998,16.642031250000027,15.879875000000009,,,,,,,,,,,,
1764966600,15.558489772119218,15.558489772119218,15.28,15.395,,,,,,,,,,,,,,15.837625000000008,16.314729482790927,15.360520517209089,15.837625000000008,16.076177241395467,15.599072758604548,16.2419836073037,15.82233360578984,17.337291015625052,19.352906250000004,19.633724999999995,16.61865625000003,15.837625000000008,,,,,,,,,,,,
1765181700,15.47674488605961,16.23,15.47674488605961,16.16,,,,,,,,,,,,,,15.829125000000008,16.27593389371096,15.382316106289057,15.829125000000008,16.052529446855484,15.605720553144533,16.238768563880022,15.853030550718037,17.337414062500052,19.345265625000007,19.6151125,16.60290625000003,15.829125000000008,,,,,,,,,,,,
1765185300,15.818372443029805,16.26,15.818372443029805,16.2,,,,,,,,,,,,,,15.830375000000007,16.281169506953116,15.379580493046898,15.830375000000007,16.05577225347656,15.604977746523453,16.23724822804159,15.884573227925488,17.337507812500053,19.339265625000007,19.594775,16.58740625000003,15.830375000000007,,,,,,,,,,,,
1765188900,16.009186221514902,16.32,16.009186221514902,16.267500000000002,,,,,,,,,,,,,,15.842250000000007,16.324844291303833,15.359655708696181,15.842250000000007,16.08354714565192,15.600952854348094,16.23843457203996,15.919384752659534,17.337697265625053,19.332703125000005,19.573574999999995,16.57262500000003,15.842250000000007,,,,,,,,,,,,
1765192500,16.138343110757454,16.39,16.138343110757454,16.34,,,,,,,,,,,,,,15.851250000000007,16.36304219415595,15.339457805844066,15.851250000000007,16.107146097077976,15.595353902922037,16.242417529999177,15.957622502417758,17.337986328125055,19.324953125000008,19.5514625,16.558625000000028,15.851250000000007,,,,,,,,,,,,
1765196100,16.239171555378725,16.33,16.23,16.285,,,,,,,,,,,,,,15.858500000000006,16.39017048065411,15.326829519345905,15.858500000000006,16.124335240327056,15.592664759672955,16.244087430783523,15.987384093107053,17.337878906250054,19.316921875000006,19.527924999999996,16.543750000000028,15.858500000000006,,,,,,,,,,,,
1765199700,16.262085777689364,16.36,16.19,16.2575,,,,,,,,,,,,,,15.876250000000008,16.435594482406707,15.316905517593307,15.876250000000008,16.155922241203356,15.596577758796657,16.24461341389005,16.011940084642777,17.337994140625057,19.309390625000006,19.504087499999997,16.52834375000003,15.876250000000008,,,,,,,,,,,,
1765203300,16.259792888844682,16.29,16.23,16.2575,,,,,,,,,,,,,,15.907250000000008,16.478819986964798,15.33568001303522,15.907250000000008,16.193034993482403,15.621465006517614,16.245118770208087,16.034263713311617,17.339044921875058,19.301531250000004,19.4814625,16.51406250000003,15.907250000000008,,,,,,,,,,,,
1765204200,16.25864644442234,16.78,16.25864644442234,16.540000000000003,,,,,,,,,,,,,,15.948500000000006,16.575052870872952,15.32194712912706,15.948500000000006,16.261776435436477,15.635223564563534,16.25668274000385,16.080239739374196,17.340353515625054,19.292671875000003,19.459225,16.50934375000003,15.948500000000006,,,,,,,,,,,,
1765207800,16.399323222211173,16.87,16.399323222211173,16.6475,,,,,,,,,,,,,,15.991875000000007,16.682588173103785,15.301161826896232,15.991875000000007,16.337231586551894,15.646518413448119,16.27200890706252,16.13180885397654,17.341697265625054,19.283867187500004,19.438512499999998,16.50721875000003,15.991875000000007,,,,,,,,,,,,
1765211400,16.523411611105587,17.03,16.523411611105587,16.79,,,,,,,,,,,,,,16.041500000000006,16.807710480220212,15.2752895197798,16.041500000000006,16.42460524011011,15.658394759889903,16.292322283256148,16.191644412705944,17.343074218750054,19.27471875,19.416524999999996,16.51168750000003,16.041500000000006,,,,,,,,,,,,
1765215000,16.656705805552793,16.99,16.52,16.822499999999998,,,,,,,,,,,,,,16.094375000000007,16.920569400549383,15.268180599450632,16.094375000000007,16.507472200274695,15.681277799725319,16.31311356626571,16.248994920641767,17.34442187500005,19.265734375,19.390949999999997,16.497156250000028,16.094375000000007,,,,,,,,,,,,
1765218600,16.739602902776397,17.09,16.739602902776397,16.875,,,,,,,,,,,,,,16.14325000000001,17.030473337158647,15.256026662841373,16.14325000000001,16.586861668579328,15.69963833142069,16.335148328372938,16.305904473310697,17.345816406250055,19.257445312500003,19.362049999999996,16.48353125000003,16.14325000000001,,,,,,,,,,,,
1765222200,16.8073014513882,16.95,16.71,16.845,,,,,,,,,,,,,,16.190500000000007,17.12049543009588,15.260504569904137,16.190500000000007,16.655497715047943,15.725502284952071,16.355142511573998,16.354913157555178,17.347144531250056,19.250070312500004,19.333225,16.468843750000026,16.190500000000007,,,,,,,,,,,,
1765225800,16.8261507256941,16.97,16.62,16.775000000000002,,,,,,,,,,,,,,16.242750000000008,17.180773054087044,15.30472694591297,16.242750000000008,16.711761527043528,15.77373847295649,16.371607511120114,16.393102870504705,17.348308593750055,19.2430625,19.300437499999997,16.451875000000026,16.242750000000008,,,,,,,,,,,,
1765268100,16.80057536284705,16.80057536284705,16.61,16.685,,,,,,,,,,,,,,16.28687500000001,17.220926490817586,15.352823509182432,16.28687500000001,16.7539007454088,15.81984925459122,16.383897412644817,16.419638973186096,17.349115234375056,19.237453125000002,19.267762499999996,16.432968750000025,16.28687500000001,,,,,,,,,,,,
1765271700,16.742787681423522,16.84,16.72,16.775,,,,,,,,,,,,,,16.32987500000001,17.27064659156669,15.389103408433328,16.32987500000001,16.80026079578335,15.859489204216668,16.399234769011688,16.451944521078268,17.350025390625056,19.234078125000003,19.235499999999995,16.41690625000003,16.32987500000001,,,,,,,,,,,,
1765275300,16.75889384071176,17.08,16.73,16.872500000000002,,,,,,,,,,,,,,16.389000000000006,17.30990634702941,15.4680936529706,16.389000000000006,16.84945317351471,15.928546826485304,16.41779418983476,16.49017683734388,17.350863281250053,19.231890625000002,19.202949999999994,16.402375000000028,16.389000000000006,,,,,,,,,,,,
1765278900,16.815696920355883,16.94,16.74,16.835,,,,,,,,,,,,,,16.454750000000008,17.302999521071897,15.606500478928117,16.454750000000008,16.878874760535954,16.03062523946406,16.434155201998102,16.521524397585345,17.351177734375053,19.2300703125,19.169362499999995,16.39250000000003,16.454750000000008,,,,,,,,,,,,
1765282500,16.825348460177942,16.91,16.77,16.837500000000002,,,,,,,,,,,,,,16.523125000000007,17.25536791563596,15.790882084364053,16.523125000000007,16.889246457817986,16.15700354218203,16.449972645057,16.550249452350315,17.351513671875054,19.2281015625,19.135549999999995,16.38628125000003,16.523125000000007,,,,,,,,,,,,
1765286100,16.83142423008897,17.12,16.81,16.96,,,,,,,,,,,,,,16.60137500000001,17.14481422153118,16.057935778468842,16.60137500000001,16.873094610765598,16.329655389234425,16.46997371779986,16.587499502136648,17.351730468750056,19.2266171875,19.101324999999996,16.38706250000003,16.60137500000001,,,,,,,,,,,,
1765289700,16.895712115044486,17.15,16.895712115044486,17.122500000000002,,,,,,,,,,,,,,16.64950000000001,17.198511839579478,16.100488160420543,16.64950000000001,16.924005919789742,16.37499408021028,16.495562983768494,16.636135911033318,17.351132812500055,19.224640625,19.064749999999997,16.39178125000003,16.64950000000001,,,,,,,,,,,,
1765290600,17.009106057522246,17.2,16.73,16.9675,,,,,,,,,,,,,,16.68787500000001,17.212601774139294,16.163148225860724,16.68787500000001,16.95023838706965,16.425511612930368,16.51407031773836,16.6662599191212,17.349953125000052,19.2204453125,19.027012499999998,16.393187500000028,16.68787500000001,,,,,,,,,,,,
1765294200,16.988303028761123,16.988303028761123,16.48,16.697499999999998,,,,,,,,,,,,,,16.70937500000001,17.197396195747427,16.22135380425259,16.70937500000001,16.953385597873716,16.4653644021263,16.521263638611362,16.669099926473816,17.34848046875005,19.216039062500002,18.989699999999996,16.38812500000003,16.70937500000001,,,,,,,,,,,,
1765297800,16.84290151438056,16.84290151438056,16.45,16.567500000000003,,,,,,,,,,,,,,16.720750000000006,17.18376754826267,16.257732451737343,16.720750000000006,16.952258774131337,16.489241225868675,16.523076829254055,16.65986356952165,17.346695312500053,19.211546875000003,18.952212499999995,16.38040625000003,16.720750000000006,,,,,,,,,,,,
1765301400,16.705200757190283,16.78,16.56,16.6375,,,,,,,,,,,,,,16.738375000000005,17.15855732649577,16.31819267350424,16.738375000000005,16.948466163247886,16.528283836752124,16.527564012420562,16.657830517746955,17.345050781250055,19.2075625,18.918737499999995,16.374593750000027,16.738375000000005,,,,,,,,,,,,
1765305000,16.671350378595143,16.8,16.55,16.65,,,,,,,,,,,,,,16.758000000000006,17.119007617647096,16.396992382352916,16.758000000000006,16.93850380882355,16.57749619117646,16.532365423698188,16.657118652497232,17.343482421875056,19.203898437500005,18.884137499999998,16.37131250000003,16.758000000000006,,,,,,,,,,,,
1765308600,16.66067518929757,16.8,16.6,16.700000000000003,,,,,,,,,,,,,,16.780125000000005,17.06108974422847,16.49916025577154,16.780125000000005,16.920607372114237,16.639642627885774,16.5389393286512,16.661016956815665,17.341742187500053,19.200101562500006,18.846437499999997,16.36996875000003,16.780125000000005,,,,,,,,,,,,
1765312200,16.680337594648787,16.96,16.680337594648787,16.8575,,,,,,,,,,,,,,16.79600000000001,17.055997115366498,16.536002884633522,16.79600000000001,16.925998557683254,16.666001442316766,16.55143190399821,16.678879051650604,17.339425781250053,19.195968750000002,18.808574999999998,16.37128125000003,16.79600000000001,,,,,,,,,,,,
1765354500,16.768918797324396,17.11,16.768918797324396,17.015,,,,,,,,,,,,,,16.814375000000005,17.08163832988161,16.5471116701184,16.814375000000005,16.94800666494081,16.6807433350592,16.56961104501789,16.70943550150055,17.337068359375056,19.190742187500003,18.772774999999996,16.374187500000026,16.814375000000005,,,,,,,,,,,,
1765358100,16.8919593986622,17.19,16.8919593986622,17.13,,,,,,,,,,,,,,16.831375000000005,17.131506117179647,16.531243882820363,16.831375000000005,16.981440558589824,16.681309441410185,16.59158708246817,16.747668637727774,17.334863281250055,19.183867187500006,18.739124999999998,16.379468750000026,16.831375000000005,,,,,,,,,,,,
1765361700,17.0109796993311,17.57,17.0109796993311,17.305,,,,,,,,,,,,,,16.855500000000006,17.21964145602959,16.491358543970424,16.855500000000006,17.0375707280148,16.673429271985214,16.61956405962628,16.798335125207068,17.332398437500053,19.175734375000008,18.706387499999995,16.38759375000003,16.855500000000006,,,,,,,,,,,,
1765365300,17.157989849665547,17.4,17.157989849665547,17.345,,,,,,,,,,,,,,16.87900000000001,17.30118005637295,16.456819943627067,16.87900000000001,17.09009002818648,16.667909971813536,16.64801252787623,16.848031932006425,17.32933789062505,19.168179687500007,18.673512499999998,16.395312500000028,16.87900000000001,,,,,,,,,,,,
1765368900,17.251494924832773,17.47,17.251494924832773,17.3975,,,,,,,,,,,,,,16.90662500000001,17.38487251698147,16.428377483018547,16.90662500000001,17.14574875849074,16.667501241509278,16.67740419344971,16.897983574551294,17.326710937500053,19.162453125000006,18.640762499999997,16.402000000000026,16.90662500000001,,,,,,,,,,,,
1765372500,17.32449746241639,17.46,17.21,17.365000000000002,,,,,,,,,,,,,,16.936125000000008,17.449735930081438,16.422514069918577,16.936125000000008,17.19293046504072,16.679319534959294,16.704368734883055,16.94043961322845,17.32412109375005,19.157273437500006,18.608512499999996,16.40862500000003,16.936125000000008,,,,,,,,,,,,
1765376100,17.344748731208195,17.49,17.344748731208195,17.42,,,,,,,,,,,,,,16.97287500000001,17.513807701450844,16.431942298549174,16.97287500000001,17.243341350725427,16.70240864927459,16.73243270606411,16.984036012025864,17.32259960937505,19.151132812500006,18.580299999999994,16.41703125000003,16.97287500000001,,,,,,,,,,,,
1765377000,17.3823743656041,17.66,17.03,17.310000000000002,,,,,,,,,,,,,,16.99962500000001,17.551572178178557,16.44767782182146,16.99962500000001,17.27559858908928,16.723651410910737,16.75508240386552,17.013669101841696,17.321228515625048,19.14387500000001,18.551249999999992,16.42321875000003,16.99962500000001,,,,,,,,,,,,
1765380600,17.34618718280205,17.39,16.84,17.0575,,,,,,,,,,,,,,17.008875000000007,17.55818473730597,16.459565262694042,17.008875000000007,17.283529868652987,16.734220131347026,16.76694191743942,17.017653728946996,17.31974218750005,19.13500000000001,18.516674999999992,16.42887500000003,17.008875000000007,,,,,,,,,,,,
1765384200,17.201843591401026,17.201843591401026,16.87,16.9625,,,,,,,,,,,,,,17.015250000000005,17.559274126302824,16.471225873697186,17.015250000000005,17.287262063151417,16.743237936848594,16.77461086185356,17.01263975358818,17.318080078125053,19.124632812500007,18.481499999999993,16.43415625000003,17.015250000000005,,,,,,,,,,,,
1765387800,17.08217179570051,17.14,16.91,17.044999999999998,,,,,,,,,,,,,,17.02562500000001,17.56357452132996,16.487675478670056,17.02562500000001,17.294599760664983,16.756650239335034,16.785214357467147,17.01558159417107,17.31636328125005,19.11395312500001,18.447374999999994,16.440906250000033,17.02562500000001,,,,,,,,,,,,
1765391400,17.063585897850253,17.22,16.46,16.8725,,,,,,,,,,,,,,17.021250000000006,17.5626752025899,16.47982479741011,17.021250000000006,17.29196260129495,16.75053739870506,16.788637323840984,17.002574176519154,17.314603515625052,19.102664062500008,18.413149999999995,16.444968750000033,17.021250000000006,,,,,,,,,,,,
1765395000,16.968042948925124,16.968042948925124,15.59,16.17,,,,,,,,,,,,,,16.973625000000006,17.627034280236913,16.320215719763098,16.973625000000006,17.30032964011846,16.646920359881552,16.764377036631533,16.92688561501741,17.312449218750054,19.089203125000008,18.376549999999995,16.440156250000033,16.973625000000006,,,,,,,,,,,,
1765398600,16.569021474462563,16.569021474462563,15.56,15.73,,,,,,,,,,,,,,16.91175000000001,17.76083347646111,16.06266652353891,16.91175000000001,17.336291738230557,16.48720826176946,16.723813231273432,16.81807783183401,17.310464843750054,19.07411718750001,18.351449999999993,16.430187500000034,16.91175000000001,,,,,,,,,,,,
1765440900,16.14951073723128,16.88,16.14951073723128,16.5875,,,,,,,,,,,,,,16.906250000000007,17.76221071755628,16.050289282443735,16.906250000000007,17.334230358778143,16.47826964122187,16.718467614360748,16.79711621075819,17.309304687500052,19.06046093750001,18.32957499999999,16.432843750000032,16.906250000000007,,,,,,,,,,,,
1765444500,16.36850536861564,16.36850536861564,16.07,16.2,,,,,,,,,,,,,,16.887875000000008,17.786833112205098,15.988916887794916,16.887875000000008,17.337354056102555,16.43839594389746,16.698135551052484,16.74283291887108,17.307775390625054,19.04394531250001,18.305724999999992,16.42575000000003,16.887875000000008,,,,,,,,,,,,
1765448100,16.28425268430782,16.28425268430782,16.06,16.1125,,,,,,,,,,,,,,16.861625000000007,17.817173631676763,15.906076368323252,16.861625000000007,17.339399315838385,16.38385068416163,16.67516945101121,16.68552992624644,17.306318359375055,19.025453125000013,18.28172499999999,16.41200000000003,16.861625000000007,,,,,,,,,,,,
1765451700,16.19837634215391,16.19837634215391,15.89,16.015,,,,,,,,,,,,,,16.82987500000001,17.851363466650145,15.808386533349871,16.82987500000001,17.340619233325075,16.31913076667494,16.64928045293234,16.624572660224036,17.304849609375054,19.00803906250001,18.257999999999992,16.40265625000003,16.82987500000001,,,,,,,,,,,,
1765455300,16.106688171076954,16.106688171076954,15.81,15.885,,,,,,,,,,,,,,16.789125000000006,17.89002494436352,15.68822505563649,16.789125000000006,17.33957497218176,16.23867502781825,16.619308670464406,16.55733878202185,17.303423828125055,18.992351562500012,18.236599999999996,16.395375000000033,16.789125000000006,,,,,,,,,,,,
1765458900,15.995844085538476,15.995844085538476,15.84,15.9075,,,,,,,,,,,,,,16.741625000000006,17.906731513371053,15.57651848662896,16.741625000000006,17.324178256685528,16.159071743314485,16.591394604955997,16.498262529110775,17.302085937500053,18.97860156250001,18.217874999999992,16.390781250000035,16.741625000000006,,,,,,,,,,,,