time,open,high,low,close,Plot,Plot,Mid Price,Breakout Up,Breakout Down,Fake Breakout,Breakout midPrice Up,Breakout midPrice Down,VWAP,Upper Band #1,Lower Band #1,Upper Band #2,Lower Band #2,Basis,Upper,Lower,Basis,Upper,Lower,EMA,EMA,MA,MA,MA,MA,ATR,RSI,RSI-based MA,Regular Bullish,Regular Bullish Label,Regular Bearish,Regular Bearish Label,Histogram,MACD,Signal,%K,%D
1762957800,25543.93087515842,25663.1708,25536.157,25601.477375000002,NaN,NaN,NaN,NaN,NaN,NaN,NaN,NaN,NaN,NaN,NaN,NaN,NaN,NaN,NaN,NaN,NaN,NaN,NaN,NaN,25533.50135892496,24868.99514517583,25658.124947968718,25297.251438750136,25522.126219999944,NaN,NaN,NaN,NaN,NaN,NaN,NaN,NaN,NaN,NaN,NaN,NaN
1762958700,25572.70412507921,25572.70412507921,25460.9246,25512.142799999998,NaN,NaN,NaN,NaN,NaN,NaN,NaN,NaN,NaN,NaN,NaN,NaN,NaN,NaN,NaN,NaN,NaN,NaN,NaN,NaN,25531.559671749965,24870.50946908208,25657.459641874968,25305.226840000138,25527.303697499945,NaN,NaN,NaN,NaN,NaN,NaN,NaN,NaN,NaN,NaN,NaN,NaN
1762959600,25542.423462539606,25557.9908,25485.993,25507.185475,NaN,NaN,NaN,NaN,NaN,NaN,NaN,NaN,NaN,NaN,NaN,NaN,NaN,NaN,NaN,NaN,NaN,NaN,NaN,NaN,25529.343835681786,24872.012008222704,25656.765449843715,25313.002804375134,25531.953077499944,NaN,NaN,NaN,NaN,NaN,NaN,NaN,NaN,NaN,NaN,NaN,NaN
1762960500,25524.804468769802,25524.804468769802,25477.1485,25501.37865,NaN,NaN,NaN,NaN,NaN,NaN,NaN,NaN,NaN,NaN,NaN,NaN,NaN,NaN,NaN,NaN,NaN,NaN,NaN,NaN,25526.80154607435,24873.49491841802,25656.002096249966,25321.621290000134,25535.317151249947,NaN,NaN,NaN,NaN,NaN,NaN,NaN,NaN,NaN,NaN,NaN,NaN
1762961400,25513.0915593849,25520.1196,25433.8787,25489.9997,NaN,NaN,NaN,NaN,NaN,NaN,NaN,NaN,NaN,NaN,NaN,NaN,NaN,NaN,NaN,NaN,NaN,NaN,NaN,NaN,25523.455923703958,24874.963579160205,25655.16941601559,25330.948908125134,25536.648587499945,NaN,NaN,NaN,NaN,NaN,NaN,NaN,NaN,NaN,NaN,NaN,NaN
1762962300,25501.54562969245,25504.0446,25435.1072,25471.49365,NaN,NaN,NaN,NaN,NaN,NaN,NaN,NaN,NaN,NaN,NaN,NaN,NaN,NaN,NaN,NaN,NaN,NaN,NaN,NaN,25518.732080639962,24876.41611988286,25654.286038984337,25340.537809062636,25536.789461249948,NaN,NaN,NaN,NaN,NaN,NaN,NaN,NaN,NaN,NaN,NaN,NaN
1762963200,25486.519639846225,25486.519639846225,25393.9977,25428.878875,NaN,NaN,NaN,NaN,NaN,NaN,NaN,NaN,NaN,NaN,NaN,NaN,NaN,NaN,NaN,NaN,NaN,NaN,NaN,NaN,25510.563607399967,24877.825361308645,25653.266691093715,25349.755261875132,25533.34636624995,NaN,NaN,NaN,NaN,NaN,NaN,NaN,NaN,NaN,NaN,NaN,NaN
1762964100,25457.69925742311,25484.6976,25406.1447,25444.926425,NaN,NaN,NaN,NaN,NaN,NaN,NaN,NaN,NaN,NaN,NaN,NaN,NaN,NaN,NaN,NaN,NaN,NaN,NaN,NaN,25504.596590818153,24879.233551523488,25652.287799843714,25359.248534375136,25529.494198749948,NaN,NaN,NaN,NaN,NaN,NaN,NaN,NaN,NaN,NaN,NaN,NaN
1762965000,25451.312841211555,25505.1279,25446.7272,25469.78305,NaN,NaN,NaN,NaN,NaN,NaN,NaN,NaN,NaN,NaN,NaN,NaN,NaN,NaN,NaN,NaN,NaN,NaN,NaN,NaN,25501.431723471047,24880.665722675833,25651.38271289059,25369.353513750135,25526.10556249995,NaN,NaN,NaN,NaN,NaN,NaN,NaN,NaN,NaN,NaN,NaN,NaN
1762965900,25460.547945605776,25460.5791,25389.7266,25432.668475000002,NaN,NaN,NaN,NaN,NaN,NaN,NaN,NaN,NaN,NaN,NaN,NaN,NaN,NaN,NaN,NaN,NaN,NaN,NaN,NaN,25495.18051906459,24882.069260097705,25650.350274999964,25379.190031875136,25520.89666249995,NaN,NaN,NaN,NaN,NaN,NaN,NaN,NaN,NaN,NaN,NaN,NaN
1762966800,25446.60821030289,25463.2273,25421.0911,25442.549525000002,NaN,NaN,NaN,NaN,NaN,NaN,NaN,NaN,NaN,NaN,NaN,NaN,NaN,NaN,NaN,NaN,NaN,NaN,NaN,NaN,25490.395883240537,24883.467822695362,25649.34416945309,25388.427036875135,25514.629044999947,NaN,NaN,NaN,NaN,NaN,NaN,NaN,NaN,NaN,NaN,NaN,NaN
1762967700,25444.578867651446,25469.9063,25424.4089,25450.265375,NaN,NaN,NaN,NaN,NaN,NaN,NaN,NaN,NaN,NaN,NaN,NaN,NaN,NaN,NaN,NaN,NaN,NaN,NaN,NaN,25486.74765521867,24884.776125332082,25648.384874531213,25397.567710937634,25508.855353749947,NaN,NaN,NaN,NaN,NaN,NaN,NaN,NaN,NaN,NaN,NaN,NaN
1762968600,25447.422121325722,25525.0147,25447.422121325722,25481.631375,NaN,NaN,NaN,NaN,NaN,NaN,NaN,NaN,NaN,NaN,NaN,NaN,NaN,NaN,NaN,NaN,NaN,NaN,NaN,NaN,25486.282538835156,24886.084211093803,25647.496083437465,25407.206995625133,25504.988673749947,NaN,NaN,NaN,NaN,NaN,NaN,NaN,NaN,NaN,NaN,NaN,NaN
1762969500,25464.52674816286,25513.9261,25454.0833,25492.979075,NaN,NaN,NaN,NaN,NaN,NaN,NaN,NaN,NaN,NaN,NaN,NaN,NaN,NaN,NaN,NaN,NaN,NaN,NaN,NaN,25486.89131485014,24887.398395683646,25646.60052492184,25416.462788125133,25501.92625374995,NaN,NaN,NaN,NaN,NaN,NaN,NaN,NaN,NaN,NaN,NaN,NaN
1762970400,25478.752911581432,25514.4131,25478.752911581432,25504.533425,NaN,NaN,NaN,NaN,NaN,NaN,NaN,NaN,NaN,NaN,NaN,NaN,NaN,NaN,NaN,NaN,NaN,NaN,NaN,NaN,25488.495143045584,24888.724601796926,25645.737399843718,25425.414849062632,25499.46883874995,NaN,NaN,NaN,NaN,NaN,NaN,NaN,NaN,NaN,NaN,NaN,NaN
1762971300,25491.643168290717,25528.6774,25491.643168290717,25509.73735,NaN,NaN,NaN,NaN,NaN,NaN,NaN,NaN,NaN,NaN,NaN,NaN,NaN,NaN,NaN,NaN,NaN,NaN,NaN,NaN,25490.426252768713,24890.032806875053,25644.877850781217,25434.051471250135,25496.79443874995,NaN,NaN,NaN,NaN,NaN,NaN,NaN,NaN,NaN,NaN,NaN,NaN
1762972200,25500.690259145358,25536.6049,25500.690259145358,25515.032975000002,NaN,NaN,NaN,NaN,NaN,NaN,NaN,NaN,NaN,NaN,NaN,NaN,NaN,NaN,NaN,NaN,NaN,NaN,NaN,NaN,25492.663227517012,24891.34415029302,25644.034154218716,25442.877503437634,25494.610992499947,NaN,NaN,NaN,NaN,NaN,NaN,NaN,NaN,NaN,NaN,NaN,NaN
1762973100,25507.861617072682,25519.9927,25490.134,25508.42585,NaN,NaN,NaN,NaN,NaN,NaN,NaN,NaN,NaN,NaN,NaN,NaN,NaN,NaN,NaN,NaN,NaN,NaN,NaN,NaN,25494.096193197285,24892.654517382867,25643.153712968717,25451.384905000134,25492.456216249946,NaN,NaN,NaN,NaN,NaN,NaN,NaN,NaN,NaN,NaN,NaN,NaN
1762974000,25508.14373353634,25523.62,25489.2971,25504.056675,NaN,NaN,NaN,NaN,NaN,NaN,NaN,NaN,NaN,NaN,NaN,NaN,NaN,NaN,NaN,NaN,NaN,NaN,NaN,NaN,25495.001691542988,24893.962393710994,25642.25926937497,25459.65683562513,25490.281864999946,NaN,NaN,NaN,NaN,NaN,NaN,NaN,NaN,NaN,NaN,NaN,NaN
1762974900,25506.100204268172,25506.100204268172,25469.0837,25484.751475,NaN,NaN,NaN,NaN,NaN,NaN,NaN,NaN,NaN,NaN,NaN,NaN,NaN,NaN,NaN,NaN,NaN,NaN,NaN,NaN,25494.069853675443,24895.25249056646,25641.329720781217,25466.726765937634,25487.69487874995,NaN,NaN,NaN,NaN,NaN,NaN,NaN,NaN,NaN,NaN,NaN,NaN
1762975800,25495.42583963409,25495.42583963409,25454.6377,25477.7401,NaN,NaN,NaN,NaN,NaN,NaN,NaN,NaN,NaN,NaN,NaN,NaN,NaN,NaN,NaN,NaN,NaN,NaN,NaN,NaN,25492.585330614038,24896.543886562555,25640.36037867184,25472.843889687632,25481.50801499995,NaN,NaN,NaN,NaN,NaN,NaN,NaN,NaN,NaN,NaN,NaN,NaN
1762976700,25486.582969817042,25497.9245,25467.4271,25481.742675,NaN,NaN,NaN,NaN,NaN,NaN,NaN,NaN,NaN,NaN,NaN,NaN,NaN,NaN,NaN,NaN,NaN,NaN,NaN,NaN,25491.599634649127,24897.84099566412,25639.331955859343,25478.927895000135,25479.98800874995,NaN,NaN,NaN,NaN,NaN,NaN,NaN,NaN,NaN,NaN,NaN,NaN
1762977600,25484.16282240852,25484.16282240852,25444.8545,25465.454425,NaN,NaN,NaN,NaN,NaN,NaN,NaN,NaN,NaN,NaN,NaN,NaN,NaN,NaN,NaN,NaN,NaN,NaN,NaN,NaN,25489.222797408296,24899.143237480523,25638.221584531217,25485.143173750133,25477.90145624995,NaN,NaN,NaN,NaN,NaN,NaN,NaN,NaN,NaN,NaN,NaN,NaN
1762978500,25474.80862370426,25502.7485,25451.0304,25479.0456,NaN,NaN,NaN,NaN,NaN,NaN,NaN,NaN,NaN,NaN,NaN,NaN,NaN,NaN,NaN,NaN,NaN,NaN,NaN,NaN,25488.297597643905,24900.468346113335,25636.803385078096,25491.277098125134,25476.78480374995,NaN,NaN,NaN,NaN,NaN,NaN,NaN,NaN,NaN,NaN,NaN,NaN
1762979400,25476.92711185213,25534.4675,25476.92711185213,25512.727775,NaN,NaN,NaN,NaN,NaN,NaN,NaN,NaN,NaN,NaN,NaN,NaN,NaN,NaN,NaN,NaN,NaN,NaN,NaN,NaN,25490.518522858096,24901.82759222662,25635.529226718718,25497.331243125132,25477.92120749995,NaN,NaN,NaN,NaN,NaN,NaN,NaN,NaN,NaN,NaN,NaN,NaN
1762980300,25494.827443426064,25547.6749,25490.1296,25519.838625,NaN,NaN,NaN,NaN,NaN,NaN,NaN,NaN,NaN,NaN,NaN,NaN,NaN,NaN,NaN,NaN,NaN,NaN,NaN,NaN,25493.18398668918,24903.19981292974,25634.26631921872,25503.059999687634,25480.33845624995,NaN,NaN,NaN,NaN,NaN,NaN,NaN,NaN,NaN,NaN,NaN,NaN
1762981200,25507.333034213032,25518.5102,25507.333034213032,25517.91405,NaN,NaN,NaN,NaN,NaN,NaN,NaN,NaN,NaN,NaN,NaN,NaN,NaN,NaN,NaN,NaN,NaN,NaN,NaN,NaN,25495.43217426289,24904.570873183646,25633.025805703095,25503.643544687635,25484.79021499995,NaN,NaN,NaN,NaN,NaN,NaN,NaN,NaN,NaN,NaN,NaN,NaN
1763044200,25512.623542106514,25512.623542106514,25186.7528,25287.81955,NaN,NaN,NaN,NaN,NaN,NaN,NaN,NaN,NaN,NaN,NaN,NaN,NaN,NaN,NaN,NaN,NaN,NaN,NaN,NaN,25476.5582993299,24905.75885076177,25631.14516046872,25500.684205937632,25476.934871249952,NaN,NaN,NaN,NaN,NaN,NaN,NaN,NaN,NaN,NaN,NaN,NaN
1763045100,25400.221546053257,25400.221546053257,25189.8045,25245.385225,NaN,NaN,NaN,NaN,NaN,NaN,NaN,NaN,NaN,NaN,NaN,NaN,NaN,NaN,NaN,NaN,NaN,NaN,NaN,NaN,25455.542565299907,24906.924131796928,25629.15266140622,25497.114290625133,25465.714979999953,NaN,NaN,NaN,NaN,NaN,NaN,NaN,NaN,NaN,NaN,NaN,NaN
1763046000,25322.80338552663,25375.0673,25225.6319,25313.846974999997,NaN,NaN,NaN,NaN,NaN,NaN,NaN,NaN,NaN,NaN,NaN,NaN,NaN,NaN,NaN,NaN,NaN,NaN,NaN,NaN,25442.661147999916,24908.14240558599,25627.333515078095,25494.367198750137,25459.77390499995,NaN,NaN,NaN,NaN,NaN,NaN,NaN,NaN,NaN,NaN,NaN,NaN
1763046900,25318.325180263313,25396.0141,25271.4964,25330.514275,NaN,NaN,NaN,NaN,NaN,NaN,NaN,NaN,NaN,NaN,NaN,NaN,NaN,NaN,NaN,NaN,NaN,NaN,NaN,NaN,25432.465977727195,24909.360783183645,25625.555770234343,25491.846317500134,25454.17214249995,NaN,NaN,NaN,NaN,NaN,NaN,NaN,NaN,NaN,NaN,NaN,NaN
1763047800,25324.419727631655,25324.419727631655,25188.6282,25236.790675,NaN,NaN,NaN,NaN,NaN,NaN,NaN,NaN,NaN,NaN,NaN,NaN,NaN,NaN,NaN,NaN,NaN,NaN,NaN,NaN,25414.677313842905,24910.506932148488,25623.502181796845,25488.933746250135,25443.49840749995,NaN,NaN,NaN,NaN,NaN,NaN,NaN,NaN,NaN,NaN,NaN,NaN
1763048700,25280.605201315826,25280.605201315826,25099.0861,25161.938674999998,NaN,NaN,NaN,NaN,NaN,NaN,NaN,NaN,NaN,NaN,NaN,NaN,NaN,NaN,NaN,NaN,NaN,NaN,NaN,NaN,25391.701073948094,24911.59841544927,25621.1873766406,25485.84596125014,25427.51377249995,NaN,NaN,NaN,NaN,NaN,NaN,NaN,NaN,NaN,NaN,NaN,NaN
1763049600,25221.27193815791,25221.27193815791,25094.2495,25139.211,NaN,NaN,NaN,NaN,NaN,NaN,NaN,NaN,NaN,NaN,NaN,NaN,NaN,NaN,NaN,NaN,NaN,NaN,NaN,NaN,25368.747430861902,24912.685720781305,25618.726472109345,25482.615620625136,25409.82536874995,NaN,NaN,NaN,NaN,NaN,NaN,NaN,NaN,NaN,NaN,NaN,NaN
1763050500,25180.241469078956,25180.241469078956,25083.6585,25122.903925000002,NaN,NaN,NaN,NaN,NaN,NaN,NaN,NaN,NaN,NaN,NaN,NaN,NaN,NaN,NaN,NaN,NaN,NaN,NaN,NaN,25346.398021238092,24913.77120318365,25616.17944640622,25479.357301875138,25390.743893749946,NaN,NaN,NaN,NaN,NaN,NaN,NaN,NaN,NaN,NaN,NaN,NaN
1763051400,25151.57269703948,25161.5136,25061.1583,25105.405875,NaN,NaN,NaN,NaN,NaN,NaN,NaN,NaN,NaN,NaN,NaN,NaN,NaN,NaN,NaN,NaN,NaN,NaN,NaN,NaN,25324.489644307356,24914.83036431646,25613.499690859346,25475.723341875135,25370.527319999946,NaN,NaN,NaN,NaN,NaN,NaN,NaN,NaN,NaN,NaN,NaN,NaN
1763052300,25128.48928601974,25128.48928601974,25067.1659,25087.937875,NaN,NaN,NaN,NaN,NaN,NaN,NaN,NaN,NaN,NaN,NaN,NaN,NaN,NaN,NaN,NaN,NaN,NaN,NaN,NaN,25302.984938006688,24915.86571037115,25610.737571562473,25471.444005625137,25349.17256499995,NaN,NaN,NaN,NaN,NaN,NaN,NaN,NaN,NaN,NaN,NaN,NaN
1763053200,25108.21358050987,25132.0805,25058.8978,25089.134725,NaN,NaN,NaN,NaN,NaN,NaN,NaN,NaN,NaN,NaN,NaN,NaN,NaN,NaN,NaN,NaN,NaN,NaN,NaN,NaN,25283.544009551533,24916.901833906304,25607.96573624997,25467.111550937636,25328.208008749945,NaN,NaN,NaN,NaN,NaN,NaN,NaN,NaN,NaN,NaN,NaN,NaN
1763054100,25098.674152754935,25147.7853,25074.7694,25108.4513,NaN,NaN,NaN,NaN,NaN,NaN,NaN,NaN,NaN,NaN,NaN,NaN,NaN,NaN,NaN,NaN,NaN,NaN,NaN,NaN,25267.626490501392,24917.914931386775,25605.233083749972,25462.527415625136,25308.42773999995,NaN,NaN,NaN,NaN,NaN,NaN,NaN,NaN,NaN,NaN,NaN,NaN
1763055000,25103.562726377466,25152.9264,25092.2374,25117.93545,NaN,NaN,NaN,NaN,NaN,NaN,NaN,NaN,NaN,NaN,NaN,NaN,NaN,NaN,NaN,NaN,NaN,NaN,NaN,NaN,25254.018214092175,24918.950726464896,25602.50286421872,25457.58695093764,25290.086938749948,NaN,NaN,NaN,NaN,NaN,NaN,NaN,NaN,NaN,NaN,NaN,NaN
1763055900,25110.749088188735,25110.749088188735,25028.405,25062.100875,NaN,NaN,NaN,NaN,NaN,NaN,NaN,NaN,NaN,NaN,NaN,NaN,NaN,NaN,NaN,NaN,NaN,NaN,NaN,NaN,25236.571183265612,24919.947090253958,25599.563861953095,25451.640750625138,25269.304977499945,NaN,NaN,NaN,NaN,NaN,NaN,NaN,NaN,NaN,NaN,NaN,NaN
1763056800,25086.42498159437,25086.42498159437,25019.9443,25043.020474999998,NaN,NaN,NaN,NaN,NaN,NaN,NaN,NaN,NaN,NaN,NaN,NaN,NaN,NaN,NaN,NaN,NaN,NaN,NaN,NaN,25218.975664332374,24920.926052636773,25596.543099531224,25445.47019968764,25247.36886749995,NaN,NaN,NaN,NaN,NaN,NaN,NaN,NaN,NaN,NaN,NaN,NaN
1763057700,25064.722728297183,25064.722728297183,24962.4959,25011.6239,NaN,NaN,NaN,NaN,NaN,NaN,NaN,NaN,NaN,NaN,NaN,NaN,NaN,NaN,NaN,NaN,NaN,NaN,NaN,NaN,25200.12550393852,24921.91796494146,25593.371291484345,25438.76931375014,25224.67734124995,NaN,NaN,NaN,NaN,NaN,NaN,NaN,NaN,NaN,NaN,NaN,NaN
1763058600,25038.17331414859,25038.17331414859,24914.8251,24955.773199999996,NaN,NaN,NaN,NaN,NaN,NaN,NaN,NaN,NaN,NaN,NaN,NaN,NaN,NaN,NaN,NaN,NaN,NaN,NaN,NaN,25177.91165812593,24922.87253701177,25589.988938359347,25431.27630812514,25198.513721249947,NaN,NaN,NaN,NaN,NaN,NaN,NaN,NaN,NaN,NaN,NaN,NaN
1763059500,24996.973257074293,24996.973257074293,24940.7193,24962.476325,NaN,NaN,NaN,NaN,NaN,NaN,NaN,NaN,NaN,NaN,NaN,NaN,NaN,NaN,NaN,NaN,NaN,NaN,NaN,NaN,25158.326627841754,24923.821618007867,25586.608093281222,25423.909810937643,25171.00114874995,NaN,NaN,NaN,NaN,NaN,NaN,NaN,NaN,NaN,NaN,NaN,NaN
1763060400,24979.724791037144,24981.316,24921.4925,24951.10605,NaN,NaN,NaN,NaN,NaN,NaN,NaN,NaN,NaN,NaN,NaN,NaN,NaN,NaN,NaN,NaN,NaN,NaN,NaN,NaN,25139.488393492502,24924.76110505865,25583.158284999972,25416.14734562514,25142.56451999995,NaN,NaN,NaN,NaN,NaN,NaN,NaN,NaN,NaN,NaN,NaN,NaN
1763061300,24965.41542051857,25026.1564,24921.2677,24974.868725,NaN,NaN,NaN,NaN,NaN,NaN,NaN,NaN,NaN,NaN,NaN,NaN,NaN,NaN,NaN,NaN,NaN,NaN,NaN,NaN,25124.522969084093,24925.72688585943,25579.73402906247,25408.499819375138,25115.412253749946,NaN,NaN,NaN,NaN,NaN,NaN,NaN,NaN,NaN,NaN,NaN,NaN
1763062200,24970.142072759285,25034.0589,24970.0819,25005.497925,NaN,NaN,NaN,NaN,NaN,NaN,NaN,NaN,NaN,NaN,NaN,NaN,NaN,NaN,NaN,NaN,NaN,NaN,NaN,NaN,25113.702510530995,24926.71059417974,25576.43002906247,25401.09158593764,25101.296172499944,NaN,NaN,NaN,NaN,NaN,NaN,NaN,NaN,NaN,NaN,NaN,NaN
1763063100,24987.81999887964,25003.204,24908.5957,24965.530475,NaN,NaN,NaN,NaN,NaN,NaN,NaN,NaN,NaN,NaN,NaN,NaN,NaN,NaN,NaN,NaN,NaN,NaN,NaN,NaN,25100.232325482724,24927.644740156305,25573.098759296845,25393.03866437514,25087.303434999943,NaN,NaN,NaN,NaN,NaN,NaN,NaN,NaN,NaN,NaN,NaN,NaN
1763064000,24976.67523693982,24979.4109,24928.4982,24957.373125,NaN,NaN,NaN,NaN,NaN,NaN,NaN,NaN,NaN,NaN,NaN,NaN,NaN,NaN,NaN,NaN,NaN,NaN,NaN,NaN,25087.24512543884,24928.560457773492,25569.801628593723,25384.87832750014,25069.479742499945,NaN,NaN,NaN,NaN,NaN,NaN,NaN,NaN,NaN,NaN,NaN,NaN
1763064900,24967.024180969907,24979.7134,24920.6402,24960.230125000002,NaN,NaN,NaN,NaN,NaN,NaN,NaN,NaN,NaN,NaN,NaN,NaN,NaN,NaN,NaN,NaN,NaN,NaN,NaN,NaN,25075.698307217128,24929.479724824276,25566.122669218723,25376.68750750014,25050.965534999945,NaN,NaN,NaN,NaN,NaN,NaN,NaN,NaN,NaN,NaN,NaN,NaN
1763065800,24963.627152984955,25044.0136,24963.627152984955,25001.93065,NaN,NaN,NaN,NaN,NaN,NaN,NaN,NaN,NaN,NaN,NaN,NaN,NaN,NaN,NaN,NaN,NaN,NaN,NaN,NaN,25068.992156561024,24930.430111562557,25562.523777421848,25368.897805625144,25039.222533749944,NaN,NaN,NaN,NaN,NaN,NaN,NaN,NaN,NaN,NaN,NaN,NaN
1763066700,24982.77890149248,25033.9187,24935.0159,24996.4708,NaN,NaN,NaN,NaN,NaN,NaN,NaN,NaN,NaN,NaN,NaN,NaN,NaN,NaN,NaN,NaN,NaN,NaN,NaN,NaN,25062.399305964565,24931.36173476568,25558.899064140598,25361.217734375143,25030.949139999946,NaN,NaN,NaN,NaN,NaN,NaN,NaN,NaN,NaN,NaN,NaN,NaN
1763067600,24989.624850746237,24997.728,24989.624850746237,24995.5903,NaN,NaN,NaN,NaN,NaN,NaN,NaN,NaN,NaN,NaN,NaN,NaN,NaN,NaN,NaN,NaN,NaN,NaN,NaN,NaN,25056.325759967785,24932.28599501959,25555.29617515622,25354.80000375014,25023.768104999945,NaN,NaN,NaN,NaN,NaN,NaN,NaN,NaN,NaN,NaN,NaN,NaN
1763130600,24992.60757537312,24992.60757537312,24534.9002,24673.683825,NaN,NaN,NaN,NaN,NaN,NaN,NaN,NaN,NaN,NaN,NaN,NaN,NaN,NaN,NaN,NaN,NaN,NaN,NaN,NaN,25021.54012951617,24932.964982656307,25550.69086671872,25344.408532812642,25001.307099999944,NaN,NaN,NaN,NaN,NaN,NaN,NaN,NaN,NaN,NaN,NaN,NaN
1763131500,24833.14570018656,24882.4087,24736.4487,24807.349349999997,NaN,NaN,NaN,NaN,NaN,NaN,NaN,NaN,NaN,NaN,NaN,NaN,NaN,NaN,NaN,NaN,NaN,NaN,NaN,NaN,25002.068240469245,24933.748332031308,25546.565451718718,25335.87190156264,24986.404273749944,NaN,NaN,NaN,NaN,NaN,NaN,NaN,NaN,NaN,NaN,NaN,NaN
1763132400,24820.247525093277,24888.7775,24775.9685,24832.688575,NaN,NaN,NaN,NaN,NaN,NaN,NaN,NaN,NaN,NaN,NaN,NaN,NaN,NaN,NaN,NaN,NaN,NaN,NaN,NaN,24986.67008906295,24934.551155898494,25542.55734140622,25328.125133437643,24973.64180874994,NaN,NaN,NaN,NaN,NaN,NaN,NaN,NaN,NaN,NaN,NaN,NaN
1763133300,24826.46805004664,24936.2983,24799.0867,24863.787925,NaN,NaN,NaN,NaN,NaN,NaN,NaN,NaN,NaN,NaN,NaN,NaN,NaN,NaN,NaN,NaN,NaN,NaN,NaN,NaN,24975.498983239046,24935.378190585994,25538.647306328094,25321.04597187514,24962.374468749942,NaN,NaN,NaN,NaN,NaN,NaN,NaN,NaN,NaN,NaN,NaN,NaN
1763134200,24845.12798752332,25008.1345,24845.12798752332,24956.502324999998,NaN,NaN,NaN,NaN,NaN,NaN,NaN,NaN,NaN,NaN,NaN,NaN,NaN,NaN,NaN,NaN,NaN,NaN,NaN,NaN,24973.772014308222,24936.283448632872,25535.07249249997,25315.277044687642,24954.777019999943,NaN,NaN,NaN,NaN,NaN,NaN,NaN,NaN,NaN,NaN,NaN,NaN
1763135100,24900.81515626166,25084.8668,24900.81515626166,25034.25705,NaN,NaN,NaN,NaN,NaN,NaN,NaN,NaN,NaN,NaN,NaN,NaN,NaN,NaN,NaN,NaN,NaN,NaN,NaN,NaN,24979.270653916567,24937.24384441412,25531.769030078092,25310.48007718764,24950.593099999944,NaN,NaN,NaN,NaN,NaN,NaN,NaN,NaN,NaN,NaN,NaN,NaN
1763136000,24967.536103130828,25066.088,24967.536103130828,25031.989700000002,NaN,NaN,NaN,NaN,NaN,NaN,NaN,NaN,NaN,NaN,NaN,NaN,NaN,NaN,NaN,NaN,NaN,NaN,NaN,NaN,24984.063294469604,24938.200109687554,25528.482264218717,25305.506688437643,24949.08754124994,NaN,NaN,NaN,NaN,NaN,NaN,NaN,NaN,NaN,NaN,NaN,NaN
1763136900,24999.762901565417,25176.1499,24999.762901565417,25095.773650000003,NaN,NaN,NaN,NaN,NaN,NaN,NaN,NaN,NaN,NaN,NaN,NaN,NaN,NaN,NaN,NaN,NaN,NaN,NaN,NaN,24994.218781336003,24939.200056738337,25525.36339867184,25301.596443437644,24951.72519999994,NaN,NaN,NaN,NaN,NaN,NaN,NaN,NaN,NaN,NaN,NaN,NaN
1763137800,25047.76827578271,25173.083,25047.76827578271,25139.4936,NaN,NaN,NaN,NaN,NaN,NaN,NaN,NaN,NaN,NaN,NaN,NaN,NaN,NaN,NaN,NaN,NaN,NaN,NaN,NaN,25007.42558303273,24940.232414335995,25522.332436171844,25298.16264000014,24958.118684999943,NaN,NaN,NaN,NaN,NaN,NaN,NaN,NaN,NaN,NaN,NaN,NaN
1763138700,25093.630937891357,25166.7973,25088.511,25133.1388,NaN,NaN,NaN,NaN,NaN,NaN,NaN,NaN,NaN,NaN,NaN,NaN,NaN,NaN,NaN,NaN,NaN,NaN,NaN,NaN,25018.854057302484,24941.25112800787,25519.27377617184,25294.40066031264,24966.986964999942,NaN,NaN,NaN,NaN,NaN,NaN,NaN,NaN,NaN,NaN,NaN,NaN
1763139600,25113.38486894568,25198.9342,25113.38486894568,25169.216,NaN,NaN,NaN,NaN,NaN,NaN,NaN,NaN,NaN,NaN,NaN,NaN,NaN,NaN,NaN,NaN,NaN,NaN,NaN,NaN,25032.52332482044,24942.289686835993,25516.311328984346,25290.723723125142,24977.323948749945,NaN,NaN,NaN,NaN,NaN,NaN,NaN,NaN,NaN,NaN,NaN,NaN
1763140500,25141.30043447284,25191.1633,25141.30043447284,25173.723725000003,NaN,NaN,NaN,NaN,NaN,NaN,NaN,NaN,NaN,NaN,NaN,NaN,NaN,NaN,NaN,NaN,NaN,NaN,NaN,NaN,25045.359724836762,24943.27086169928,25513.40900749997,25287.036817500142,24988.454832499945,NaN,NaN,NaN,NaN,NaN,NaN,NaN,NaN,NaN,NaN,NaN,NaN
1763141400,25157.51207973642,25190.045,25136.6378,25162.176549999996,NaN,NaN,NaN,NaN,NaN,NaN,NaN,NaN,NaN,NaN,NaN,NaN,NaN,NaN,NaN,NaN,NaN,NaN,NaN,NaN,25055.97943621524,24944.25672660162,25510.48331312497,25282.84226468764,24997.820223749943,NaN,NaN,NaN,NaN,NaN,NaN,NaN,NaN,NaN,NaN,NaN,NaN
1763142300,25159.84431486821,25170.4896,25074.2991,25127.143625000004,NaN,NaN,NaN,NaN,NaN,NaN,NaN,NaN,NaN,NaN,NaN,NaN,NaN,NaN,NaN,NaN,NaN,NaN,NaN,NaN,25062.448907922946,24945.201658261776,25507.407851171844,25277.90693781264,25003.902508749943,NaN,NaN,NaN,NaN,NaN,NaN,NaN,NaN,NaN,NaN,NaN,NaN
1763143200,25143.493969934105,25143.493969934105,25034.9489,25100.3317,NaN,NaN,NaN,NaN,NaN,NaN,NaN,NaN,NaN,NaN,NaN,NaN,NaN,NaN,NaN,NaN,NaN,NaN,NaN,NaN,25065.89279811177,24946.11306205084,25504.291519453094,25272.44163687514,25010.642569999945,NaN,NaN,NaN,NaN,NaN,NaN,NaN,NaN,NaN,NaN,NaN,NaN
1763144100,25121.91283496705,25125.3744,25033.1228,25089.259325,NaN,NaN,NaN,NaN,NaN,NaN,NaN,NaN,NaN,NaN,NaN,NaN,NaN,NaN,NaN,NaN,NaN,NaN,NaN,NaN,25068.017027828882,24947.010512851622,25501.163924531218,25266.84679750014,25017.236879999946,NaN,NaN,NaN,NaN,NaN,NaN,NaN,NaN,NaN,NaN,NaN,NaN
1763145000,25105.586079983525,25105.586079983525,25000.5885,25042.0873,NaN,NaN,NaN,NaN,NaN,NaN,NaN,NaN,NaN,NaN,NaN,NaN,NaN,NaN,NaN,NaN,NaN,NaN,NaN,NaN,25065.659779844438,24947.8695133399,25498.115729921843,25260.274115312637,25021.329738749948,NaN,NaN,NaN,NaN,NaN,NaN,NaN,NaN,NaN,NaN,NaN,NaN
1763145900,25073.83668999176,25100.6067,25000.2046,25045.60645,NaN,NaN,NaN,NaN,NaN,NaN,NaN,NaN,NaN,NaN,NaN,NaN,NaN,NaN,NaN,NaN,NaN,NaN,NaN,NaN,25063.83674985858,24948.734269160213,25495.156041093716,25253.772455937637,25023.513528749947,NaN,NaN,NaN,NaN,NaN,NaN,NaN,NaN,NaN,NaN,NaN,NaN
1763146800,25059.72156999588,25088.5537,25035.6166,25065.717675000004,NaN,NaN,NaN,NaN,NaN,NaN,NaN,NaN,NaN,NaN,NaN,NaN,NaN,NaN,NaN,NaN,NaN,NaN,NaN,NaN,25064.007743053255,24949.628440468805,25492.125451249965,25247.606864687637,25026.97587249995,NaN,NaN,NaN,NaN,NaN,NaN,NaN,NaN,NaN,NaN,NaN,NaN
1763147700,25062.71962249794,25125.9597,25059.8788,25089.175799999997,NaN,NaN,NaN,NaN,NaN,NaN,NaN,NaN,NaN,NaN,NaN,NaN,NaN,NaN,NaN,NaN,NaN,NaN,NaN,NaN,25066.29574823023,24950.5471145899,25489.11782859372,25241.793718750137,25031.655147499947,NaN,NaN,NaN,NaN,NaN,NaN,NaN,NaN,NaN,NaN,NaN,NaN
1763148600,25075.94771124897,25125.2256,25075.94771124897,25110.9655,NaN,NaN,NaN,NaN,NaN,NaN,NaN,NaN,NaN,NaN,NaN,NaN,NaN,NaN,NaN,NaN,NaN,NaN,NaN,NaN,25070.356634754753,24951.473765585994,25486.200539765596,25236.259765937637,25053.51923124995,NaN,NaN,NaN,NaN,NaN,NaN,NaN,NaN,NaN,NaN,NaN,NaN
1763149500,25093.456605624484,25149.1661,25093.456605624484,25128.052675,NaN,NaN,NaN,NaN,NaN,NaN,NaN,NaN,NaN,NaN,NaN,NaN,NaN,NaN,NaN,NaN,NaN,NaN,NaN,NaN,25075.6017293225,24952.425751347713,25483.194896328096,25230.820107500138,25069.554397499945,NaN,NaN,NaN,NaN,NaN,NaN,NaN,NaN,NaN,NaN,NaN,NaN
1763150400,25110.75464031224,25157.9577,25093.9978,25121.692425,NaN,NaN,NaN,NaN,NaN,NaN,NaN,NaN,NaN,NaN,NaN,NaN,NaN,NaN,NaN,NaN,NaN,NaN,NaN,NaN,25079.79179256591,24953.383980507868,25480.06079656247,25225.35748906264,25084.004589999946,NaN,NaN,NaN,NaN,NaN,NaN,NaN,NaN,NaN,NaN,NaN,NaN
1763151300,25116.22353265612,25116.22353265612,25034.9388,25071.184999999998,NaN,NaN,NaN,NaN,NaN,NaN,NaN,NaN,NaN,NaN,NaN,NaN,NaN,NaN,NaN,NaN,NaN,NaN,NaN,NaN,25079.009356878098,24954.31282697271,25477.507490078093,25219.353284375138,25094.374443749948,NaN,NaN,NaN,NaN,NaN,NaN,NaN,NaN,NaN,NaN,NaN,NaN
1763152200,25093.70426632806,25093.70426632806,25013.4043,25038.010799999996,NaN,NaN,NaN,NaN,NaN,NaN,NaN,NaN,NaN,NaN,NaN,NaN,NaN,NaN,NaN,NaN,NaN,NaN,NaN,NaN,25075.282215343726,24955.215773593805,25474.76551976559,25212.984123125138,25098.44986749995,NaN,NaN,NaN,NaN,NaN,NaN,NaN,NaN,NaN,NaN,NaN,NaN
1763153100,25065.857533164028,25065.857533164028,24982.0894,25012.239325000002,NaN,NaN,NaN,NaN,NaN,NaN,NaN,NaN,NaN,NaN,NaN,NaN,NaN,NaN,NaN,NaN,NaN,NaN,NaN,NaN,25069.551043494295,24956.087544199276,25471.750232187467,25206.43097468764,25097.34898124995,NaN,NaN,NaN,NaN,NaN,NaN,NaN,NaN,NaN,NaN,NaN,NaN
1763154000,25039.048429082017,25039.048429082017,25008.2316,25010.57105,NaN,NaN,NaN,NaN,NaN,NaN,NaN,NaN,NaN,NaN,NaN,NaN,NaN,NaN,NaN,NaN,NaN,NaN,NaN,NaN,25064.189225903905,24956.975825136775,25468.904679843716,25199.044645625137,25096.278048749948,NaN,NaN,NaN,NaN,NaN,NaN,NaN,NaN,NaN,NaN,NaN,NaN
1763389800,25024.809739541008,25112.0872,24868.3209,24984.651124999997,NaN,NaN,NaN,NaN,NaN,NaN,NaN,NaN,NaN,NaN,NaN,NaN,NaN,NaN,NaN,NaN,NaN,NaN,NaN,NaN,25056.958489458095,24957.85240880865,25466.004974531217,25192.450999687637,25090.72192249995,NaN,NaN,NaN,NaN,NaN,NaN,NaN,NaN,NaN,NaN,NaN,NaN
1763390700,25004.730432270502,25166.1456,25004.730432270502,25101.38985,NaN,NaN,NaN,NaN,NaN,NaN,NaN,NaN,NaN,NaN,NaN,NaN,NaN,NaN,NaN,NaN,NaN,NaN,NaN,NaN,25060.997704052814,24958.81632648443,25463.51062070309,25187.378554375136,25088.81673499995,NaN,NaN,NaN,NaN,NaN,NaN,NaN,NaN,NaN,NaN,NaN,NaN
1763391600,25053.06014113525,25123.6124,24976.0604,25062.44375,NaN,NaN,NaN,NaN,NaN,NaN,NaN,NaN,NaN,NaN,NaN,NaN,NaN,NaN,NaN,NaN,NaN,NaN,NaN,NaN,25061.129162775283,24959.755796132868,25460.88611976559,25181.891868125138,25085.28198249995,NaN,NaN,NaN,NaN,NaN,NaN,NaN,NaN,NaN,NaN,NaN,NaN
1763392500,25057.751945567623,25065.3537,24970.8026,25032.281175,NaN,NaN,NaN,NaN,NaN,NaN,NaN,NaN,NaN,NaN,NaN,NaN,NaN,NaN,NaN,NaN,NaN,NaN,NaN,NaN,25058.506618432075,24960.68821787115,25458.111427812466,25176.17038656264,25078.435241249947,NaN,NaN,NaN,NaN,NaN,NaN,NaN,NaN,NaN,NaN,NaN,NaN
1763393400,25045.01656028381,25064.954,24975.3325,25034.291325000002,NaN,NaN,NaN,NaN,NaN,NaN,NaN,NaN,NaN,NaN,NaN,NaN,NaN,NaN,NaN,NaN,NaN,NaN,NaN,NaN,25056.30522812007,24961.627428164116,25455.460510156212,25170.70535750014,25071.463621249946,NaN,NaN,NaN,NaN,NaN,NaN,NaN,NaN,NaN,NaN,NaN,NaN
1763394300,25039.653942641904,25058.0472,24977.1314,25018.239224999998,NaN,NaN,NaN,NaN,NaN,NaN,NaN,NaN,NaN,NaN,NaN,NaN,NaN,NaN,NaN,NaN,NaN,NaN,NaN,NaN,25052.84468238188,24962.55868255865,25452.85576515621,25165.57236187514,25064.266754999946,NaN,NaN,NaN,NaN,NaN,NaN,NaN,NaN,NaN,NaN,NaN,NaN
1763395200,25028.94658382095,25028.94658382095,24894.1286,24948.879074999997,NaN,NaN,NaN,NaN,NaN,NaN,NaN,NaN,NaN,NaN,NaN,NaN,NaN,NaN,NaN,NaN,NaN,NaN,NaN,NaN,25043.393263528982,24963.45273328131,25449.87868140621,25159.371770000136,25055.35352749995,NaN,NaN,NaN,NaN,NaN,NaN,NaN,NaN,NaN,NaN,NaN,NaN
1763396100,24988.912829410474,24988.912829410474,24861.833,24932.58905,NaN,NaN,NaN,NaN,NaN,NaN,NaN,NaN,NaN,NaN,NaN,NaN,NaN,NaN,NaN,NaN,NaN,NaN,NaN,NaN,25033.320153208166,24964.354907187557,25446.717331874963,25152.65684500014,25046.966394999945,NaN,NaN,NaN,NaN,NaN,NaN,NaN,NaN,NaN,NaN,NaN,NaN
1763397000,24960.750939705234,25062.7977,24960.750939705234,25019.20075,NaN,NaN,NaN,NaN,NaN,NaN,NaN,NaN,NaN,NaN,NaN,NaN,NaN,NaN,NaN,NaN,NaN,NaN,NaN,NaN,25032.03657109833,24965.30206312506,25443.87925515621,25147.48849843764,25043.463466249945,NaN,NaN,NaN,NaN,NaN,NaN,NaN,NaN,NaN,NaN,NaN,NaN
1763397900,24989.97584485262,25110.3128,24989.97584485262,25078.160925,NaN,NaN,NaN,NaN,NaN,NaN,NaN,NaN,NaN,NaN,NaN,NaN,NaN,NaN,NaN,NaN,NaN,NaN,NaN,NaN,25036.2296941803,24966.26777738287,25441.23069749996,25142.93364093764,25045.267147499944,NaN,NaN,NaN,NaN,NaN,NaN,NaN,NaN,NaN,NaN,NaN,NaN
1763398800,25034.068384926308,25107.667,25034.068384926308,25087.643775,NaN,NaN,NaN,NaN,NaN,NaN,NaN,NaN,NaN,NaN,NaN,NaN,NaN,NaN,NaN,NaN,NaN,NaN,NaN,NaN,25040.903701527546,24967.236009550837,25438.691070546836,25138.40087093764,25047.369013749943,NaN,NaN,NaN,NaN,NaN,NaN,NaN,NaN,NaN,NaN,NaN,NaN
1763399700,25060.856079963152,25075.7658,25038.177,25062.102750000002,NaN,NaN,NaN,NaN,NaN,NaN,NaN,NaN,NaN,NaN,NaN,NaN,NaN,NaN,NaN,NaN,NaN,NaN,NaN,NaN,25042.830887752316,24968.124049746148,25436.078222109332,25133.15676312514,25047.188267499943,NaN,NaN,NaN,NaN,NaN,NaN,NaN,NaN,NaN,NaN,NaN,NaN
1763400600,25061.47941498158,25073.127,24987.9572,25027.489725,NaN,NaN,NaN,NaN,NaN,NaN,NaN,NaN,NaN,NaN,NaN,NaN,NaN,NaN,NaN,NaN,NaN,NaN,NaN,NaN,25041.436236593014,24968.990083105524,25433.317602343708,25127.33814625014,25044.103963749945,NaN,NaN,NaN,NaN,NaN,NaN,NaN,NaN,NaN,NaN,NaN,NaN
1763401500,25044.48456999079,25044.48456999079,24913.0213,24951.4837,NaN,NaN,NaN,NaN,NaN,NaN,NaN,NaN,NaN,NaN,NaN,NaN,NaN,NaN,NaN,NaN,NaN,NaN,NaN,NaN,25033.258733266375,24969.778997207086,25430.29510953121,25120.42502468764,25036.129873749946,NaN,NaN,NaN,NaN,NaN,NaN,NaN,NaN,NaN,NaN,NaN,NaN
1763402400,24997.984134995393,24997.984134995393,24872.2325,24903.025074999998,NaN,NaN,NaN,NaN,NaN,NaN,NaN,NaN,NaN,NaN,NaN,NaN,NaN,NaN,NaN,NaN,NaN,NaN,NaN,NaN,25021.419309787612,24970.53858414068,25427.188003749958,25112.84112125014,25024.878493749948,NaN,NaN,NaN,NaN,NaN,NaN,NaN,NaN,NaN,NaN,NaN,NaN
1763403300,24950.504604997695,24950.504604997695,24883.2011,24902.052025,NaN,NaN,NaN,NaN,NaN,NaN,NaN,NaN,NaN,NaN,NaN,NaN,NaN,NaN,NaN,NaN,NaN,NaN,NaN,NaN,25010.567738443286,24971.275298183646,25424.18603656246,25105.17885937514,25013.89647374995,NaN,NaN,NaN,NaN,NaN,NaN,NaN,NaN,NaN,NaN,NaN,NaN
1763404200,24926.278314998846,24926.278314998846,24875.2344,24899.46495,NaN,NaN,NaN,NaN,NaN,NaN,NaN,NaN,NaN,NaN,NaN,NaN,NaN,NaN,NaN,NaN,NaN,NaN,NaN,NaN,25000.46748494844,24971.99860978521,25421.19450156246,25097.56684812514,25005.310471249948,NaN,NaN,NaN,NaN,NaN,NaN,NaN,NaN,NaN,NaN,NaN,NaN
1763405100,24912.871632499424,24961.6744,24803.8415,24872.463675,NaN,NaN,NaN,NaN,NaN,NaN,NaN,NaN,NaN,NaN,NaN,NaN,NaN,NaN,NaN,NaN,NaN,NaN,NaN,NaN,24988.830774953127,24972.69477044927,25418.127537265584,25089.671935625138,24997.033114999947,NaN,NaN,NaN,NaN,NaN,NaN,NaN,NaN,NaN,NaN,NaN,NaN
1763406000,24892.66765374971,24892.66765374971,24766.6457,24798.063775,NaN,NaN,NaN,NaN,NaN,NaN,NaN,NaN,NaN,NaN,NaN,NaN,NaN,NaN,NaN,NaN,NaN,NaN,NaN,NaN,24971.488320411932,24973.319202148494,25414.904956484334,25081.08833937514,24986.32433749995,NaN,NaN,NaN,NaN,NaN,NaN,NaN,NaN,NaN,NaN,NaN,NaN
1763406900,24845.365714374857,24845.365714374857,24740.0678,24777.48035,NaN,NaN,NaN,NaN,NaN,NaN,NaN,NaN,NaN,NaN,NaN,NaN,NaN,NaN,NaN,NaN,NaN,NaN,NaN,NaN,24953.851232192665,24973.92495291021,25411.745418906205,25072.33509250014,24974.66980249995,NaN,NaN,NaN,NaN,NaN,NaN,NaN,NaN,NaN,NaN,NaN,NaN
1763407800,24811.423032187427,24811.423032187427,24695.9577,24751.232900000003,NaN,NaN,NaN,NaN,NaN,NaN,NaN,NaN,NaN,NaN,NaN,NaN,NaN,NaN,NaN,NaN,NaN,NaN,NaN,NaN,24935.431383811512,24974.518565605522,25408.516651249956,25063.20372031264,24962.99889124995,NaN,NaN,NaN,NaN,NaN,NaN,NaN,NaN,NaN,NaN,NaN,NaN
1763408700,24781.327966093715,24781.327966093715,24668.6271,24701.721224999998,NaN,NaN,NaN,NaN,NaN,NaN,NaN,NaN,NaN,NaN,NaN,NaN,NaN,NaN,NaN,NaN,NaN,NaN,NaN,NaN,24914.185005737738,24975.066865214896,25405.211209531208,25053.65705531264,24943.01545999995,NaN,NaN,NaN,NaN,NaN,NaN,NaN,NaN,NaN,NaN,NaN,NaN
1763409600,24741.524595546856,24741.524595546856,24649.3633,24673.669974999997,NaN,NaN,NaN,NaN,NaN,NaN,NaN,NaN,NaN,NaN,NaN,NaN,NaN,NaN,NaN,NaN,NaN,NaN,NaN,NaN,24892.320002943397,24975.592467343806,25401.895444921833,25043.58986000014,24923.57677124995,NaN,NaN,NaN,NaN,NaN,NaN,NaN,NaN,NaN,NaN,NaN,NaN
1763410500,24707.597285273427,24721.5628,24659.7336,24687.18415,NaN,NaN,NaN,NaN,NaN,NaN,NaN,NaN,NaN,NaN,NaN,NaN,NaN,NaN,NaN,NaN,NaN,NaN,NaN,NaN,24873.671289039452,24976.13729441412,25397.742862499956,25033.270564687635,24906.32191999995,NaN,NaN,NaN,NaN,NaN,NaN,NaN,NaN,NaN,NaN,NaN,NaN
1763411400,24697.390717636714,24724.9615,24677.0018,24703.856375000003,NaN,NaN,NaN,NaN,NaN,NaN,NaN,NaN,NaN,NaN,NaN,NaN,NaN,NaN,NaN,NaN,NaN,NaN,NaN,NaN,24858.23356958132,24976.70287253912,25393.785760312458,25023.07078656264,24889.800172499952,NaN,NaN,NaN,NaN,NaN,NaN,NaN,NaN,NaN,NaN,NaN,NaN
1763412300,24700.62354631836,24805.6215,24700.62354631836,24757.140825,NaN,NaN,NaN,NaN,NaN,NaN,NaN,NaN,NaN,NaN,NaN,NaN,NaN,NaN,NaN,NaN,NaN,NaN,NaN,NaN,24849.043320073928,24977.305463125056,25390.048338515586,25013.561121250135,24876.745252499953,NaN,NaN,NaN,NaN,NaN,NaN,NaN,NaN,NaN,NaN,NaN,NaN
1763413200,24728.88218565918,24800.9837,24728.88218565918,24800.445750000003,NaN,NaN,NaN,NaN,NaN,NaN,NaN,NaN,NaN,NaN,NaN,NaN,NaN,NaN,NaN,NaN,NaN,NaN,NaN,NaN,24844.625359158115,24977.936730585992,25386.437753046834,25007.46894875014,24869.323586249953,NaN,NaN,NaN,NaN,NaN,NaN,NaN,NaN,NaN,NaN,NaN,NaN
1763476200,24764.66396782959,24764.66396782959,24561.7088,24627.58,NaN,NaN,NaN,NaN,NaN,NaN,NaN,NaN,NaN,NaN,NaN,NaN,NaN,NaN,NaN,NaN,NaN,NaN,NaN,NaN,24824.893962871014,24978.431606406306,25382.15894156246,24999.74638343764,24854.073133749953,NaN,NaN,NaN,NaN,NaN,NaN,NaN,NaN,NaN,NaN,NaN,NaN
1763477100,24696.121983914796,24696.121983914796,24436.5724,24521.553475,NaN,NaN,NaN,NaN,NaN,NaN,NaN,NaN,NaN,NaN,NaN,NaN,NaN,NaN,NaN,NaN,NaN,NaN,NaN,NaN,24797.31755488274,24978.841852304744,25377.457611953087,24989.84271468764,24829.19076999995,NaN,NaN,NaN,NaN,NaN,NaN,NaN,NaN,NaN,NaN,NaN,NaN
1763478000,24608.8377294574,24608.8377294574,24346.5115,24427.143375,NaN,NaN,NaN,NaN,NaN,NaN,NaN,NaN,NaN,NaN,NaN,NaN,NaN,NaN,NaN,NaN,NaN,NaN,NaN,NaN,24763.66535671158,24979.175369199274,25372.46253171871,24978.550578437636,24796.639892499952,NaN,NaN,NaN,NaN,NaN,NaN,NaN,NaN,NaN,NaN,NaN,NaN
1763478900,24517.9905522287,24519.0853,24351.9448,24443.8053,NaN,NaN,NaN,NaN,NaN,NaN,NaN,NaN,NaN,NaN,NaN,NaN,NaN,NaN,NaN,NaN,NaN,NaN,NaN,NaN,24734.5871697378,24979.5269255274,25367.549687968713,24968.63826125014,24764.44796874995,NaN,NaN,NaN,NaN,NaN,NaN,NaN,NaN,NaN,NaN,NaN,NaN
1763479800,24480.89792611435,24499.8748,24371.4466,24436.839675,NaN,NaN,NaN,NaN,NaN,NaN,NaN,NaN,NaN,NaN,NaN,NaN,NaN,NaN,NaN,NaN,NaN,NaN,NaN,NaN,24707.519215670727,24979.870385429742,25362.71765031246,24959.574523750136,24733.18481499995,NaN,NaN,NaN,NaN,NaN,NaN,NaN,NaN,NaN,NaN,NaN,NaN
1763480700,24458.868800557175,24458.868800557175,24357.6992,24397.191775,NaN,NaN,NaN,NaN,NaN,NaN,NaN,NaN,NaN,NaN,NaN,NaN,NaN,NaN,NaN,NaN,NaN,NaN,NaN,NaN,24679.307630155206,24980.175894570366,25357.847240781215,24950.29928343764,24701.669917499952,NaN,NaN,NaN,NaN,NaN,NaN,NaN,NaN,NaN,NaN,NaN,NaN
1763481600,24428.030287778587,24477.4854,24299.2945,24400.76195,NaN,NaN,NaN,NaN,NaN,NaN,NaN,NaN,NaN,NaN,NaN,NaN,NaN,NaN,NaN,NaN,NaN,NaN,NaN,NaN,24653.98529559564,24980.489051464898,25353.200608828087,24941.27250875014,24674.13382999995,NaN,NaN,NaN,NaN,NaN,NaN,NaN,NaN,NaN,NaN,NaN,NaN
1763482500,24414.396118889294,24580.3835,24409.0908,24500.61335,NaN,NaN,NaN,NaN,NaN,NaN,NaN,NaN,NaN,NaN,NaN,NaN,NaN,NaN,NaN,NaN,NaN,NaN,NaN,NaN,24640.042391450585,24980.87964601568,25348.945703124962,24933.71260218764,24654.01324374995,NaN,NaN,NaN,NaN,NaN,NaN,NaN,NaN,NaN,NaN,NaN,NaN
1763483400,24457.504734444647,24607.2336,24457.504734444647,24577.70535,NaN,NaN,NaN,NaN,NaN,NaN,NaN,NaN,NaN,NaN,NaN,NaN,NaN,NaN,NaN,NaN,NaN,NaN,NaN,NaN,24634.37538768235,24981.32808207037,25344.93032445309,24927.33469562514,24637.79590999995,NaN,NaN,NaN,NaN,NaN,NaN,NaN,NaN,NaN,NaN,NaN,NaN
1763484300,24517.605042222323,24606.2803,24517.605042222323,24575.774675,NaN,NaN,NaN,NaN,NaN,NaN,NaN,NaN,NaN,NaN,NaN,NaN,NaN,NaN,NaN,NaN,NaN,NaN,NaN,NaN,24629.048050165773,24981.780326894586,25341.01435648434,24920.91769500014,24621.61139624995,NaN,NaN,NaN,NaN,NaN,NaN,NaN,NaN,NaN,NaN,NaN,NaN
1763485200,24546.689858611164,24603.3316,24510.4158,24548.190975,NaN,NaN,NaN,NaN,NaN,NaN,NaN,NaN,NaN,NaN,NaN,NaN,NaN,NaN,NaN,NaN,NaN,NaN,NaN,NaN,24621.697406968884,24982.215440937558,25337.121516249965,24913.91444093764,24605.39776124995,NaN,NaN,NaN,NaN,NaN,NaN,NaN,NaN,NaN,NaN,NaN,NaN
1763486100,24547.440416805584,24547.440416805584,24447.9866,24489.590025,NaN,NaN,NaN,NaN,NaN,NaN,NaN,NaN,NaN,NaN,NaN,NaN,NaN,NaN,NaN,NaN,NaN,NaN,NaN,NaN,24609.687644971713,24982.58481347662,25333.09775367184,24906.06012312514,24589.97407374995,NaN,NaN,NaN,NaN,NaN,NaN,NaN,NaN,NaN,NaN,NaN,NaN
1763487000,24518.515220902795,24644.0803,24414.3454,24536.07345,NaN,NaN,NaN,NaN,NaN,NaN,NaN,NaN,NaN,NaN,NaN,NaN,NaN,NaN,NaN,NaN,NaN,NaN,NaN,NaN,24602.99544542883,24982.98981742193,25329.172006874964,24899.48478031264,24577.90372874995,NaN,NaN,NaN,NaN,NaN,NaN,NaN,NaN,NaN,NaN,NaN,NaN
1763487900,24527.2943354514,24695.9448,24527.2943354514,24644.600150000002,NaN,NaN,NaN,NaN,NaN,NaN,NaN,NaN,NaN,NaN,NaN,NaN,NaN,NaN,NaN,NaN,NaN,NaN,NaN,NaN,24606.777691298936,24983.4784495899,25325.497899140588,24894.50452625014,24572.572091249946,NaN,NaN,NaN,NaN,NaN,NaN,NaN,NaN,NaN,NaN,NaN,NaN
1763488800,24585.9472427257,24703.6614,24585.9472427257,24675.582025000003,NaN,NaN,NaN,NaN,NaN,NaN,NaN,NaN,NaN,NaN,NaN,NaN,NaN,NaN,NaN,NaN,NaN,NaN,NaN,NaN,24613.032630726306,24983.98140054693,25321.86589867184,24890.304002812638,24571.265131249947,NaN,NaN,NaN,NaN,NaN,NaN,NaN,NaN,NaN,NaN,NaN,NaN
1763489700,24630.76463386285,24689.9116,24630.76463386285,24662.9343,NaN,NaN,NaN,NaN,NaN,NaN,NaN,NaN,NaN,NaN,NaN,NaN,NaN,NaN,NaN,NaN,NaN,NaN,NaN,NaN,24617.569146114824,24984.454945136775,25318.10294617184,24886.64351656264,24570.72834749995,NaN,NaN,NaN,NaN,NaN,NaN,NaN,NaN,NaN,NaN,NaN,NaN
1763490600,24646.849466931424,24713.5668,24632.7859,24664.3982,NaN,NaN,NaN,NaN,NaN,NaN,NaN,NaN,NaN,NaN,NaN,NaN,NaN,NaN,NaN,NaN,NaN,NaN,NaN,NaN,24621.826332831657,24984.91521847662,25314.32658304684,24882.91754000014,24569.589049999948,NaN,NaN,NaN,NaN,NaN,NaN,NaN,NaN,NaN,NaN,NaN,NaN
1763491500,24655.62383346571,24712.8031,24611.856,24654.228625,NaN,NaN,NaN,NaN,NaN,NaN,NaN,NaN,NaN,NaN,NaN,NaN,NaN,NaN,NaN,NaN,NaN,NaN,NaN,NaN,24624.77199575605,24985.364210273496,25310.527759999964,24879.20657218764,24567.107662499948,NaN,NaN,NaN,NaN,NaN,NaN,NaN,NaN,NaN,NaN,NaN,NaN
1763492400,24654.926229232857,24684.7152,24622.957,24652.2299,NaN,NaN,NaN,NaN,NaN,NaN,NaN,NaN,NaN,NaN,NaN,NaN,NaN,NaN,NaN,NaN,NaN,NaN,NaN,NaN,24627.268168869137,24985.817294941466,25306.66944757809,24875.173586875142,24561.862116249948,NaN,NaN,NaN,NaN,NaN,NaN,NaN,NaN,NaN,NaN,NaN,NaN
1763493300,24653.578064616428,24679.6605,24612.3064,24647.678125000002,NaN,NaN,NaN,NaN,NaN,NaN,NaN,NaN,NaN,NaN,NaN,NaN,NaN,NaN,NaN,NaN,NaN,NaN,NaN,NaN,24629.12361942649,24986.271996679745,25302.67656070309,24870.70083937514,24554.22373499995,NaN,NaN,NaN,NaN,NaN,NaN,NaN,NaN,NaN,NaN,NaN,NaN
1763494200,24650.628094808213,24720.5222,24604.7468,24651.406375,NaN,NaN,NaN,NaN,NaN,NaN,NaN,NaN,NaN,NaN,NaN,NaN,NaN,NaN,NaN,NaN,NaN,NaN,NaN,NaN,24631.149324478625,24986.730005742247,25298.59271070309,24866.77428812514,24555.415053749948,NaN,NaN,NaN,NaN,NaN,NaN,NaN,NaN,NaN,NaN,NaN,NaN
1763495100,24651.017234904106,24713.3617,24626.6714,24671.096574999996,NaN,NaN,NaN,NaN,NaN,NaN,NaN,NaN,NaN,NaN,NaN,NaN,NaN,NaN,NaN,NaN,NaN,NaN,NaN,NaN,24634.78089270784,24987.19812439459,25294.724939999964,24863.19583125014,24562.892208749945,NaN,NaN,NaN,NaN,NaN,NaN,NaN,NaN,NaN,NaN,NaN,NaN
1763496000,24661.05690495205,24707.8164,24618.1272,24662.46385,NaN,NaN,NaN,NaN,NaN,NaN,NaN,NaN,NaN,NaN,NaN,NaN,NaN,NaN,NaN,NaN,NaN,NaN,NaN,NaN,24637.297525188947,24987.650563574276,25290.989976718713,24859.473752812642,24574.658232499947,NaN,NaN,NaN,NaN,NaN,NaN,NaN,NaN,NaN,NaN,NaN,NaN
1763496900,24661.760377476025,24661.760377476025,24564.2213,24615.976300000002,NaN,NaN,NaN,NaN,NaN,NaN,NaN,NaN,NaN,NaN,NaN,NaN,NaN,NaN,NaN,NaN,NaN,NaN,NaN,NaN,24635.35923198995,24988.065486796935,25286.431002109337,24854.649323437643,24583.266782499944,NaN,NaN,NaN,NaN,NaN,NaN,NaN,NaN,NaN,NaN,NaN,NaN
1763497800,24638.868338738015,24638.868338738015,24570.9259,24592.716125,NaN,NaN,NaN,NaN,NaN,NaN,NaN,NaN,NaN,NaN,NaN,NaN,NaN,NaN,NaN,NaN,NaN,NaN,NaN,NaN,24631.482585899954,24988.459391757868,25281.97695874996,24849.602390000142,24591.060604999948,NaN,NaN,NaN,NaN,NaN,NaN,NaN,NaN,NaN,NaN,NaN,NaN
1763498700,24615.792231869007,24615.792231869007,24498.2236,24542.717425,NaN,NaN,NaN,NaN,NaN,NaN,NaN,NaN,NaN,NaN,NaN,NaN,NaN,NaN,NaN,NaN,NaN,NaN,NaN,NaN,24623.41302581814,24988.81485251959,25277.434783749963,24843.941479062643,24598.33688749995,NaN,NaN,NaN,NaN,NaN,NaN,NaN,NaN,NaN,NaN,NaN,NaN
1763499600,24579.254828434503,24579.254828434503,24502.656,24502.87115,NaN,NaN,NaN,NaN,NaN,NaN,NaN,NaN,NaN,NaN,NaN,NaN,NaN,NaN,NaN,NaN,NaN,NaN,NaN,NaN,24612.454673471035,24989.141339140682,25272.903213515587,24841.806320625146,24603.442347499946,NaN,NaN,NaN,NaN,NaN,NaN,NaN,NaN,NaN,NaN,NaN,NaN
1763562600,24541.06298921725,24675.2352,24502.2645,24589.612575,NaN,NaN,NaN,NaN,NaN,NaN,NaN,NaN,NaN,NaN,NaN,NaN,NaN,NaN,NaN,NaN,NaN,NaN,NaN,NaN,24610.37811906458,24989.53848925787,25268.70590414059,24839.084610937643,24607.89230874995,NaN,NaN,NaN,NaN,NaN,NaN,NaN,NaN,NaN,NaN,NaN,NaN
1763563500,24565.337782108625,24819.8861,24565.337782108625,24736.957374999998,NaN,NaN,NaN,NaN,NaN,NaN,NaN,NaN,NaN,NaN,NaN,NaN,NaN,NaN,NaN,NaN,NaN,NaN,NaN,NaN,24621.885324149618,24990.041141972713,25264.893901718715,24837.887970937645,24615.854909999947,NaN,NaN,NaN,NaN,NaN,NaN,NaN,NaN,NaN,NaN,NaN,NaN
1763564400,24651.14757855431,24869.1356,24651.14757855431,24837.0455,NaN,NaN,NaN,NaN,NaN,NaN,NaN,NaN,NaN,NaN,NaN,NaN,NaN,NaN,NaN,NaN,NaN,NaN,NaN,NaN,24641.445340136015,24990.61715992193,25261.41293289059,24837.553690625144,24628.91845124995,NaN,NaN,NaN,NaN,NaN,NaN,NaN,NaN,NaN,NaN,NaN,NaN
1763565300,24744.096539277154,24904.6614,24744.096539277154,24871.747675,NaN,NaN,NaN,NaN,NaN,NaN,NaN,NaN,NaN,NaN,NaN,NaN,NaN,NaN,NaN,NaN,NaN,NaN,NaN,NaN,24662.38191603274,24991.219890625056,25258.07516085934,24836.494257500148,24645.096286249947,NaN,NaN,NaN,NaN,NaN,NaN,NaN,NaN,NaN,NaN,NaN,NaN
1763566200,24807.922107138576,24884.6076,24807.922107138576,24849.602925,NaN,NaN,NaN,NaN,NaN,NaN,NaN,NaN,NaN,NaN,NaN,NaN,NaN,NaN,NaN,NaN,NaN,NaN,NaN,NaN,24679.402007757035,24991.79852023443,25254.677046484336,24834.186080937645,24663.096931249947,NaN,NaN,NaN,NaN,NaN,NaN,NaN,NaN,NaN,NaN,NaN,NaN
1763567100,24828.762516069288,24831.9583,24671.5221,24756.7202,NaN,NaN,NaN,NaN,NaN,NaN,NaN,NaN,NaN,NaN,NaN,NaN,NaN,NaN,NaN,NaN,NaN,NaN,NaN,NaN,24686.430934324577,24992.29460527349,25250.903143671836,24830.74521218765,24674.129268749948,NaN,NaN,NaN,NaN,NaN,NaN,NaN,NaN,NaN,NaN,NaN,NaN
1763568000,24792.741358034644,24792.741358034644,24618.5946,24661.020924999997,NaN,NaN,NaN,NaN,NaN,NaN,NaN,NaN,NaN,NaN,NaN,NaN,NaN,NaN,NaN,NaN,NaN,NaN,NaN,NaN,24684.120933476886,24992.71280867193,25246.760633359336,24825.310803125147,24674.95030749995,NaN,NaN,NaN,NaN,NaN,NaN,NaN,NaN,NaN,NaN,NaN,NaN
1763568900,24726.88114151732,24726.88114151732,24588.3445,24632.799175,NaN,NaN,NaN,NaN,NaN,NaN,NaN,NaN,NaN,NaN,NaN,NaN,NaN,NaN,NaN,NaN,NaN,NaN,NaN,NaN,24679.455319069897,24993.12058283209,25242.531389687465,24818.97712281265,24672.81116499995,NaN,NaN,NaN,NaN,NaN,NaN,NaN,NaN,NaN,NaN,NaN,NaN
1763569800,24679.84015825866,24679.84015825866,24575.4679,24610.860174999998,NaN,NaN,NaN,NaN,NaN,NaN,NaN,NaN,NaN,NaN,NaN,NaN,NaN,NaN,NaN,NaN,NaN,NaN,NaN,NaN,24673.219396881723,24993.526670468807,25238.215922890588,24812.448640000148,24670.20745874995,NaN,NaN,NaN,NaN,NaN,NaN,NaN,NaN,NaN,NaN,NaN,NaN
1763570700,24645.35016662933,24645.35016662933,24573.7688,24611.2593,NaN,NaN,NaN,NaN,NaN,NaN,NaN,NaN,NaN,NaN,NaN,NaN,NaN,NaN,NaN,NaN,NaN,NaN,NaN,NaN,24667.586660801568,24993.929835000054,25233.830441093713,24805.47418125015,24667.55051374995,NaN,NaN,NaN,NaN,NaN,NaN,NaN,NaN,NaN,NaN,NaN,NaN
1763571600,24628.304733314668,24637.9384,24526.5031,24582.37305,NaN,NaN,NaN,NaN,NaN,NaN,NaN,NaN,NaN,NaN,NaN,NaN,NaN,NaN,NaN,NaN,NaN,NaN,NaN,NaN,24659.839968910517,24994.313873242245,25229.337757812464,24798.082297812645,24663.95773499995,NaN,NaN,NaN,NaN,NaN,NaN,NaN,NaN,NaN,NaN,NaN,NaN
1763572500,24605.33889165733,24605.33889165733,24506.2149,24538.17395,NaN,NaN,NaN,NaN,NaN,NaN,NaN,NaN,NaN,NaN,NaN,NaN,NaN,NaN,NaN,NaN,NaN,NaN,NaN,NaN,24648.779421736836,24994.588117265677,25224.716754140587,24790.282265312646,24658.254937499947,NaN,NaN,NaN,NaN,NaN,NaN,NaN,NaN,NaN,NaN,NaN,NaN
1763573400,24571.756420828664,24571.756420828664,24432.1935,24518.512875,NaN,NaN,NaN,NaN,NaN,NaN,NaN,NaN,NaN,NaN,NaN,NaN,NaN,NaN,NaN,NaN,NaN,NaN,NaN,NaN,24636.937008397123,24994.82483197271,25220.02603578121,24782.674380937646,24651.796674999947,NaN,NaN,NaN,NaN,NaN,NaN,NaN,NaN,NaN,NaN,NaN,NaN
1763574300,24545.134647914332,24574.0294,24493.8307,24538.893249999997,NaN,NaN,NaN,NaN,NaN,NaN,NaN,NaN,NaN,NaN,NaN,NaN,NaN,NaN,NaN,NaN,NaN,NaN,NaN,NaN,24628.02393945193,24995.059986093802,25215.42468343746,24775.656400312648,24646.17101874995,NaN,NaN,NaN,NaN,NaN,NaN,NaN,NaN,NaN,NaN,NaN,NaN
1763575200,24542.013948957167,24602.5854,24533.2492,24569.1281,NaN,NaN,NaN,NaN,NaN,NaN,NaN,NaN,NaN,NaN,NaN,NaN,NaN,NaN,NaN,NaN,NaN,NaN,NaN,NaN,24622.669772229026,24995.325238339898,25210.98684609371,24769.154760000147,24641.072594999947,NaN,NaN,NaN,NaN,NaN,NaN,NaN,NaN,NaN,NaN,NaN,NaN
1763576100,24555.571024478584,24593.0079,24518.0172,24554.345725000003,NaN,NaN,NaN,NaN,NaN,NaN,NaN,NaN,NaN,NaN,NaN,NaN,NaN,NaN,NaN,NaN,NaN,NaN,NaN,NaN,24616.458495208208,24995.57506564458,25206.552146874958,24763.057990312645,24635.66668874995,NaN,NaN,NaN,NaN,NaN,NaN,NaN,NaN,NaN,NaN,NaN,NaN
1763577000,24554.958374739294,24631.5853,24511.6447,24554.3537,NaN,NaN,NaN,NaN,NaN,NaN,NaN,NaN,NaN,NaN,NaN,NaN,NaN,NaN,NaN,NaN,NaN,NaN,NaN,NaN,24610.812604734736,24995.82206701177,25202.159702499957,24756.917330937646,24632.585558749946,NaN,NaN,NaN,NaN,NaN,NaN,NaN,NaN,NaN,NaN,NaN,NaN
1763577900,24554.65603736965,24621.0947,24525.198,24577.10425,NaN,NaN,NaN,NaN,NaN,NaN,NaN,NaN,NaN,NaN,NaN,NaN,NaN,NaN,NaN,NaN,NaN,NaN,NaN,NaN,24607.74820884976,24996.08503761724,25197.79448703121,24750.809663125146,24631.80496499995,NaN,NaN,NaN,NaN,NaN,NaN,NaN,NaN,NaN,NaN,NaN,NaN
1763578800,24565.880143684823,24613.7886,24556.1164,24591.851925,NaN,NaN,NaN,NaN,NaN,NaN,NaN,NaN,NaN,NaN,NaN,NaN,NaN,NaN,NaN,NaN,NaN,NaN,NaN,NaN,24606.303092136146,24996.361759628955,25193.454210859334,24744.593114687646,24634.26168999995,NaN,NaN,NaN,NaN,NaN,NaN,NaN,NaN,NaN,NaN,NaN,NaN
1763579700,24578.866034342413,24595.5119,24503.2503,24550.190225,NaN,NaN,NaN,NaN,NaN,NaN,NaN,NaN,NaN,NaN,NaN,NaN,NaN,NaN,NaN,NaN,NaN,NaN,NaN,NaN,24601.201922396496,24996.60043156255,25189.01557765621,24737.583423750148,24636.627643749947,NaN,NaN,NaN,NaN,NaN,NaN,NaN,NaN,NaN,NaN,NaN,NaN
1763580600,24564.528129671206,24564.528129671206,24494.2323,24514.943775,NaN,NaN,NaN,NaN,NaN,NaN,NaN,NaN,NaN,NaN,NaN,NaN,NaN,NaN,NaN,NaN,NaN,NaN,NaN,NaN,24593.360272633177,24996.80340683599,25184.484894687463,24729.919562500152,24632.894203749944,NaN,NaN,NaN,NaN,NaN,NaN,NaN,NaN,NaN,NaN,NaN,NaN
1763581500,24539.735952335603,24615.1763,24504.5968,24553.233375,NaN,NaN,NaN,NaN,NaN,NaN,NaN,NaN,NaN,NaN,NaN,NaN,NaN,NaN,NaN,NaN,NaN,NaN,NaN,NaN,24589.712372848342,24997.030029199268,25180.066667265586,24722.813824375153,24623.708003749947,NaN,NaN,NaN,NaN,NaN,NaN,NaN,NaN,NaN,NaN,NaN,NaN
1763582400,24546.4846636678,24625.8917,24546.4846636678,24599.223975,NaN,NaN,NaN,NaN,NaN,NaN,NaN,NaN,NaN,NaN,NaN,NaN,NaN,NaN,NaN,NaN,NaN,NaN,NaN,NaN,24590.57706395304,24997.293957929738,25175.77245374996,24716.91431156265,24611.816927499945,NaN,NaN,NaN,NaN,NaN,NaN,NaN,NaN,NaN,NaN,NaN,NaN
1763583300,24572.8543193339,24720.9078,24572.8543193339,24664.80475,NaN,NaN,NaN,NaN,NaN,NaN,NaN,NaN,NaN,NaN,NaN,NaN,NaN,NaN,NaN,NaN,NaN,NaN,NaN,NaN,24597.325035411854,24997.60930144536,25172.847547187463,24712.24923593765,24601.469781249947,NaN,NaN,NaN,NaN,NaN,NaN,NaN,NaN,NaN,NaN,NaN,NaN
1763584200,24618.829534666947,24745.7634,24618.829534666947,24696.596449999997,NaN,NaN,NaN,NaN,NaN,NaN,NaN,NaN,NaN,NaN,NaN,NaN,NaN,NaN,NaN,NaN,NaN,NaN,NaN,NaN,24606.34970946532,24997.951428378954,25169.740832421834,24708.30370000015,24593.819457499947,NaN,NaN,NaN,NaN,NaN,NaN,NaN,NaN,NaN,NaN,NaN,NaN
1763585100,24657.712992333472,24686.7295,24613.1862,24657.66645,NaN,NaN,NaN,NaN,NaN,NaN,NaN,NaN,NaN,NaN,NaN,NaN,NaN,NaN,NaN,NaN,NaN,NaN,NaN,NaN,24611.014867695747,24998.267308359424,25166.383714296833,24703.89239250015,24588.866769999946,NaN,NaN,NaN,NaN,NaN,NaN,NaN,NaN,NaN,NaN,NaN,NaN
1763586000,24657.68972116674,24657.68972116674,24639.852,24640.178699999997,NaN,NaN,NaN,NaN,NaN,NaN,NaN,NaN,NaN,NaN,NaN,NaN,NaN,NaN,NaN,NaN,NaN,NaN,NaN,NaN,24613.66612517795,24998.57668060552,25162.963648203084,24699.586487187647,24587.824658749945,NaN,NaN,NaN,NaN,NaN,NaN,NaN,NaN,NaN,NaN,NaN,NaN
1763649000,24648.934210583368,25148.8558,24648.934210583368,25118.614425000003,NaN,NaN,NaN,NaN,NaN,NaN,NaN,NaN,NaN,NaN,NaN,NaN,NaN,NaN,NaN,NaN,NaN,NaN,NaN,NaN,24659.570516070864,24999.259833046926,25161.02701796871,24699.80179437515,24612.115421249946,NaN,NaN,NaN,NaN,NaN,NaN,NaN,NaN,NaN,NaN,NaN,NaN
1763649900,24883.774317791685,25204.4839,24883.774317791685,25149.866899999997,NaN,NaN,NaN,NaN,NaN,NaN,NaN,NaN,NaN,NaN,NaN,NaN,NaN,NaN,NaN,NaN,NaN,NaN,NaN,NaN,24704.142914609874,24999.955058125048,25159.321337890586,24700.89458375015,24639.065757499946,NaN,NaN,NaN,NaN,NaN,NaN,NaN,NaN,NaN,NaN,NaN,NaN
1763650800,25016.82060889584,25212.487,25016.82060889584,25145.151975,NaN,NaN,NaN,NaN,NaN,NaN,NaN,NaN,NaN,NaN,NaN,NaN,NaN,NaN,NaN,NaN,NaN,NaN,NaN,NaN,24744.234647372614,25000.641242597703,25157.715022968707,24702.30546875015,24665.760391249943,NaN,NaN,NaN,NaN,NaN,NaN,NaN,NaN,NaN,NaN,NaN,NaN
1763651700,25080.98629194792,25176.7989,25070.1591,25128.303875,NaN,NaN,NaN,NaN,NaN,NaN,NaN,NaN,NaN,NaN,NaN,NaN,NaN,NaN,NaN,NaN,NaN,NaN,NaN,NaN,24779.150031702375,25001.323301386765,25156.109454374957,24703.48062562515,24693.056932499945,NaN,NaN,NaN,NaN,NaN,NaN,NaN,NaN,NaN,NaN,NaN,NaN
1763652600,25104.64508347396,25222.9477,25104.64508347396,25190.98715,NaN,NaN,NaN,NaN,NaN,NaN,NaN,NaN,NaN,NaN,NaN,NaN,NaN,NaN,NaN,NaN,NaN,NaN,NaN,NaN,24816.58976972943,25002.065441718798,25154.688163046834,24705.63997468765,24725.69759249995,NaN,NaN,NaN,NaN,NaN,NaN,NaN,NaN,NaN,NaN,NaN,NaN
1763653500,25147.81611673698,25213.0715,25074.0189,25143.674225,NaN,NaN,NaN,NaN,NaN,NaN,NaN,NaN,NaN,NaN,NaN,NaN,NaN,NaN,NaN,NaN,NaN,NaN,NaN,NaN,24846.324720208573,25002.769642441453,25153.16398992183,24708.07491406265,24756.955659999945,NaN,NaN,NaN,NaN,NaN,NaN,NaN,NaN,NaN,NaN,NaN,NaN
1763654400,25145.74517086849,25145.74517086849,24922.353,25000.04665,NaN,NaN,NaN,NaN,NaN,NaN,NaN,NaN,NaN,NaN,NaN,NaN,NaN,NaN,NaN,NaN,NaN,NaN,NaN,NaN,24860.2994410987,25003.353374902395,25151.283216171832,24708.91813406265,24780.013329999947,NaN,NaN,NaN,NaN,NaN,NaN,NaN,NaN,NaN,NaN,NaN,NaN
1763655300,25072.895910434243,25072.895910434243,24810.6983,24872.655225,NaN,NaN,NaN,NaN,NaN,NaN,NaN,NaN,NaN,NaN,NaN,NaN,NaN,NaN,NaN,NaN,NaN,NaN,NaN,NaN,24861.422694180637,25003.836558046925,25149.097755390583,24707.08631500015,24795.189686249945,NaN,NaN,NaN,NaN,NaN,NaN,NaN,NaN,NaN,NaN,NaN,NaN
1763656200,24972.775567717123,24972.775567717123,24654.4929,24745.162474999997,NaN,NaN,NaN,NaN,NaN,NaN,NaN,NaN,NaN,NaN,NaN,NaN,NaN,NaN,NaN,NaN,NaN,NaN,NaN,NaN,24850.853583346034,25004.21650750005,25146.53348726558,24702.92383437515,24804.730523749946,NaN,NaN,NaN,NaN,NaN,NaN,NaN,NaN,NaN,NaN,NaN,NaN
1763657100,24858.96902135856,24858.96902135856,24436.398,24571.876,NaN,NaN,NaN,NaN,NaN,NaN,NaN,NaN,NaN,NaN,NaN,NaN,NaN,NaN,NaN,NaN,NaN,NaN,NaN,NaN,24825.49198486003,25004.44786031255,25143.448084062456,24696.476737187648,24805.606638749945,NaN,NaN,NaN,NaN,NaN,NaN,NaN,NaN,NaN,NaN,NaN,NaN
1763658000,24715.42251067928,24715.42251067928,24351.4293,24447.1499,NaN,NaN,NaN,NaN,NaN,NaN,NaN,NaN,NaN,NaN,NaN,NaN,NaN,NaN,NaN,NaN,NaN,NaN,NaN,NaN,24791.097249872753,25004.56711683599,25140.040509765582,24688.78982656265,24799.108921249946,NaN,NaN,NaN,NaN,NaN,NaN,NaN,NaN,NaN,NaN,NaN,NaN
1763658900,24581.28620533964,24581.28620533964,24276.633,24365.35905,NaN,NaN,NaN,NaN,NaN,NaN,NaN,NaN,NaN,NaN,NaN,NaN,NaN,NaN,NaN,NaN,NaN,NaN,NaN,NaN,24752.39377715705,25004.59989917974,25136.450407656208,24680.513193125145,24787.784277499948,NaN,NaN,NaN,NaN,NaN,NaN,NaN,NaN,NaN,NaN,NaN,NaN
1763659800,24473.32262766982,24473.32262766982,24232.946,24325.290950000002,NaN,NaN,NaN,NaN,NaN,NaN,NaN,NaN,NaN,NaN,NaN,NaN,NaN,NaN,NaN,NaN,NaN,NaN,NaN,NaN,24713.5662474155,25004.624016308644,25132.767165078083,24672.685783750152,24776.539313749945,NaN,NaN,NaN,NaN,NaN,NaN,NaN,NaN,NaN,NaN,NaN,NaN
1763660700,24399.30678883491,24399.30678883491,24234.8658,24294.990224999998,NaN,NaN,NaN,NaN,NaN,NaN,NaN,NaN,NaN,NaN,NaN,NaN,NaN,NaN,NaN,NaN,NaN,NaN,NaN,NaN,24675.513881741364,25004.63386466802,25128.90522796871,24665.085348125147,24765.541636249945,NaN,NaN,NaN,NaN,NaN,NaN,NaN,NaN,NaN,NaN,NaN,NaN
1763661600,24347.148506917452,24512.264,24291.6485,24407.87275,NaN,NaN,NaN,NaN,NaN,NaN,NaN,NaN,NaN,NaN,NaN,NaN,NaN,NaN,NaN,NaN,NaN,NaN,NaN,NaN,24651.182869764878,25004.726739863334,25125.386773984334,24658.90810718765,24758.273604999944,NaN,NaN,NaN,NaN,NaN,NaN,NaN,NaN,NaN,NaN,NaN,NaN
1763662500,24377.510628458724,24518.7058,24377.510628458724,24462.127650000002,NaN,NaN,NaN,NaN,NaN,NaN,NaN,NaN,NaN,NaN,NaN,NaN,NaN,NaN,NaN,NaN,NaN,NaN,NaN,NaN,24633.996031604434,25004.866139257865,25122.047695546837,24653.44139093765,24751.418788749943,NaN,NaN,NaN,NaN,NaN,NaN,NaN,NaN,NaN,NaN,NaN,NaN
1763663400,24419.819139229363,24438.6635,24258.7731,24345.77805,NaN,NaN,NaN,NaN,NaN,NaN,NaN,NaN,NaN,NaN,NaN,NaN,NaN,NaN,NaN,NaN,NaN,NaN,NaN,NaN,24607.794396913123,25004.917070820367,25118.45372124996,24646.857820625148,24735.467453749945,NaN,NaN,NaN,NaN,NaN,NaN,NaN,NaN,NaN,NaN,NaN,NaN
1763664300,24382.79859461468,24382.79859461468,24162.4059,24223.42015,NaN,NaN,NaN,NaN,NaN,NaN,NaN,NaN,NaN,NaN,NaN,NaN,NaN,NaN,NaN,NaN,NaN,NaN,NaN,NaN,24572.851283557386,25004.877552031303,25114.567460312457,24639.674775312647,24711.808638749942,NaN,NaN,NaN,NaN,NaN,NaN,NaN,NaN,NaN,NaN,NaN,NaN
1763665200,24303.109372307343,24303.109372307343,24131.2966,24185.765975,NaN,NaN,NaN,NaN,NaN,NaN,NaN,NaN,NaN,NaN,NaN,NaN,NaN,NaN,NaN,NaN,NaN,NaN,NaN,NaN,24537.66171005217,25004.81009941412,25110.51292640621,24632.278345625145,24688.213614999946,NaN,NaN,NaN,NaN,NaN,NaN,NaN,NaN,NaN,NaN,NaN,NaN
1763666100,24244.437673653672,24289.3479,24169.9705,24230.524924999998,NaN,NaN,NaN,NaN,NaN,NaN,NaN,NaN,NaN,NaN,NaN,NaN,NaN,NaN,NaN,NaN,NaN,NaN,NaN,NaN,24509.740184138336,25004.786712441462,25106.58521882808,24625.769495937646,24667.730926249944,NaN,NaN,NaN,NaN,NaN,NaN,NaN,NaN,NaN,NaN,NaN,NaN
1763667000,24237.481299326835,24267.5695,24186.9607,24241.46885,NaN,NaN,NaN,NaN,NaN,NaN,NaN,NaN,NaN,NaN,NaN,NaN,NaN,NaN,NaN,NaN,NaN,NaN,NaN,NaN,24485.35188103485,25004.772851953185,25102.681217265585,24620.016341250146,24623.873647499946,NaN,NaN,NaN,NaN,NaN,NaN,NaN,NaN,NaN,NaN,NaN,NaN
1763667900,24239.475074663416,24320.8995,24194.0197,24269.06315,NaN,NaN,NaN,NaN,NaN,NaN,NaN,NaN,NaN,NaN,NaN,NaN,NaN,NaN,NaN,NaN,NaN,NaN,NaN,NaN,24465.68926912259,25004.781303007872,25098.93459617183,24614.958755937645,24579.833459999943,NaN,NaN,NaN,NaN,NaN,NaN,NaN,NaN,NaN,NaN,NaN,NaN
1763668800,24254.26911233171,24314.2535,24191.9724,24259.06145,NaN,NaN,NaN,NaN,NaN,NaN,NaN,NaN,NaN,NaN,NaN,NaN,NaN,NaN,NaN,NaN,NaN,NaN,NaN,NaN,24446.90492192963,25004.774940429746,25095.24481664058,24609.607222187646,24535.528933749945,NaN,NaN,NaN,NaN,NaN,NaN,NaN,NaN,NaN,NaN,NaN,NaN
1763669700,24256.665281165857,24266.1472,24166.6861,24215.673175,NaN,NaN,NaN,NaN,NaN,NaN,NaN,NaN,NaN,NaN,NaN,NaN,NaN,NaN,NaN,NaN,NaN,NaN,NaN,NaN,24425.883854026935,25004.734438007872,25091.498118203082,24603.504932187647,24489.897398749945,NaN,NaN,NaN,NaN,NaN,NaN,NaN,NaN,NaN,NaN,NaN,NaN
1763670600,24236.16922808293,24236.16922808293,24067.3362,24146.67175,NaN,NaN,NaN,NaN,NaN,NaN,NaN,NaN,NaN,NaN,NaN,NaN,NaN,NaN,NaN,NaN,NaN,NaN,NaN,NaN,24400.50093547903,25004.638560117248,25087.323415234332,24595.87406875015,24437.681628749946,NaN,NaN,NaN,NaN,NaN,NaN,NaN,NaN,NaN,NaN,NaN,NaN
1763671500,24191.420489041466,24191.420489041466,24021.4369,24065.696125,NaN,NaN,NaN,NaN,NaN,NaN,NaN,NaN,NaN,NaN,NaN,NaN,NaN,NaN,NaN,NaN,NaN,NaN,NaN,NaN,24370.06413452639,25004.47235138678,25082.69113328121,24586.689698437647,24383.782723749948,NaN,NaN,NaN,NaN,NaN,NaN,NaN,NaN,NaN,NaN,NaN,NaN
1763672400,24128.558307020732,24128.558307020732,24054.3696,24055.7033,NaN,NaN,NaN,NaN,NaN,NaN,NaN,NaN,NaN,NaN,NaN,NaN,NaN,NaN,NaN,NaN,NaN,NaN,NaN,NaN,24341.485876842173,25004.293671425843,25078.03877374996,24579.541239687645,24336.56555624995,NaN,NaN,NaN,NaN,NaN,NaN,NaN,NaN,NaN,NaN,NaN,NaN
1763735400,24092.130803510365,24200.7254,24088.5419,24133.9979,NaN,NaN,NaN,NaN,NaN,NaN,NaN,NaN,NaN,NaN,NaN,NaN,NaN,NaN,NaN,NaN,NaN,NaN,NaN,NaN,24322.623333492884,25004.18119167975,25073.534364531206,24574.69679500015,24299.632689999948,NaN,NaN,NaN,NaN,NaN,NaN,NaN,NaN,NaN,NaN,NaN,NaN
1763736300,24113.06435175518,24221.3537,24033.8686,24121.650825,NaN,NaN,NaN,NaN,NaN,NaN,NaN,NaN,NaN,NaN,NaN,NaN,NaN,NaN,NaN,NaN,NaN,NaN,NaN,NaN,24304.353105448077,25004.059807382873,25068.956468203083,24570.878138125147,24268.457107499948,NaN,NaN,NaN,NaN,NaN,NaN,NaN,NaN,NaN,NaN,NaN,NaN
1763737200,24117.357588377592,24151.113,24004.205,24075.341350000002,NaN,NaN,NaN,NaN,NaN,NaN,NaN,NaN,NaN,NaN,NaN,NaN,NaN,NaN,NaN,NaN,NaN,NaN,NaN,NaN,24283.5338549528,25003.902471894595,25064.268376171833,24566.272338750146,24243.630374999946,NaN,NaN,NaN,NaN,NaN,NaN,NaN,NaN,NaN,NaN,NaN,NaN
1763738100,24096.349469188797,24125.2046,23954.4625,24020.01505,NaN,NaN,NaN,NaN,NaN,NaN,NaN,NaN,NaN,NaN,NaN,NaN,NaN,NaN,NaN,NaN,NaN,NaN,NaN,NaN,24259.57759995709,25003.70339078131,25059.38742281246,24561.062030937646,24222.273632499946,NaN,NaN,NaN,NaN,NaN,NaN,NaN,NaN,NaN,NaN,NaN,NaN
1763739000,24058.1822595944,24058.1822595944,23854.0319,23946.77555,NaN,NaN,NaN,NaN,NaN,NaN,NaN,NaN,NaN,NaN,NaN,NaN,NaN,NaN,NaN,NaN,NaN,NaN,NaN,NaN,24231.141049960992,25003.444508086,25054.136997734335,24555.431828125147,24201.344457499945,NaN,NaN,NaN,NaN,NaN,NaN,NaN,NaN,NaN,NaN,NaN,NaN
1763739900,24002.4789047972,24028.1986,23930.0112,23965.946725,NaN,NaN,NaN,NaN,NaN,NaN,NaN,NaN,NaN,NaN,NaN,NaN,NaN,NaN,NaN,NaN,NaN,NaN,NaN,NaN,24207.032474964537,25003.192875664125,25048.882863046834,24549.99663781265,24183.377246249947,NaN,NaN,NaN,NaN,NaN,NaN,NaN,NaN,NaN,NaN,NaN,NaN
1763740800,23984.2128148986,24007.4852,23869.4747,23953.912575000002,NaN,NaN,NaN,NaN,NaN,NaN,NaN,NaN,NaN,NaN,NaN,NaN,NaN,NaN,NaN,NaN,NaN,NaN,NaN,NaN,24184.021574967763,25002.924081835998,25043.607954453084,24543.16287812515,24166.323363749947,NaN,NaN,NaN,NaN,NaN,NaN,NaN,NaN,NaN,NaN,NaN,NaN
1763741700,23969.0626949493,24102.8505,23922.4164,24029.27695,NaN,NaN,NaN,NaN,NaN,NaN,NaN,NaN,NaN,NaN,NaN,NaN,NaN,NaN,NaN,NaN,NaN,NaN,NaN,NaN,24169.953881788875,25002.718843066465,25038.539230390583,24536.30752312515,24147.39357374995,NaN,NaN,NaN,NaN,NaN,NaN,NaN,NaN,NaN,NaN,NaN,NaN
1763742600,23999.16982247465,24162.2867,23999.16982247465,24121.977325,NaN,NaN,NaN,NaN,NaN,NaN,NaN,NaN,NaN,NaN,NaN,NaN,NaN,NaN,NaN,NaN,NaN,NaN,NaN,NaN,24165.59237662625,25002.590788789123,25033.661815703083,24530.63505625015,24130.38605749995,NaN,NaN,NaN,NaN,NaN,NaN,NaN,NaN,NaN,NaN,NaN,NaN
1763743500,24060.573573737325,24300.8025,24060.573573737325,24216.217875000002,NaN,NaN,NaN,NaN,NaN,NaN,NaN,NaN,NaN,NaN,NaN,NaN,NaN,NaN,NaN,NaN,NaN,NaN,NaN,NaN,24170.194694660226,25002.53762626959,25029.043920937456,24526.485392500148,24123.90804874995,NaN,NaN,NaN,NaN,NaN,NaN,NaN,NaN,NaN,NaN,NaN,NaN
1763744400,24138.395724368664,24316.1575,24138.395724368664,24286.93215,NaN,NaN,NaN,NaN,NaN,NaN,NaN,NaN,NaN,NaN,NaN,NaN,NaN,NaN,NaN,NaN,NaN,NaN,NaN,NaN,24180.807190600204,25002.548056464904,25024.660734374957,24523.95216906265,24127.08364874995,NaN,NaN,NaN,NaN,NaN,NaN,NaN,NaN,NaN,NaN,NaN,NaN
1763745300,24212.663937184334,24316.5686,24212.663937184334,24280.44445,NaN,NaN,NaN,NaN,NaN,NaN,NaN,NaN,NaN,NaN,NaN,NaN,NaN,NaN,NaN,NaN,NaN,NaN,NaN,NaN,24189.865123272913,25002.57096609381,25020.230244921833,24520.756806562647,24131.81757249995,NaN,NaN,NaN,NaN,NaN,NaN,NaN,NaN,NaN,NaN,NaN,NaN
1763746200,24246.554193592165,24339.2257,24246.554193592165,24304.212975,NaN,NaN,NaN,NaN,NaN,NaN,NaN,NaN,NaN,NaN,NaN,NaN,NaN,NaN,NaN,NaN,NaN,NaN,NaN,NaN,24200.26038252083,25002.630510117247,25015.806540390586,24516.50196687515,24135.50197499995,NaN,NaN,NaN,NaN,NaN,NaN,NaN,NaN,NaN,NaN,NaN,NaN
1763747100,24275.383584296083,24332.6749,24262.1146,24298.0742,NaN,NaN,NaN,NaN,NaN,NaN,NaN,NaN,NaN,NaN,NaN,NaN,NaN,NaN,NaN,NaN,NaN,NaN,NaN,NaN,24209.15254774621,25002.693682109435,25011.302717031205,24511.783119062646,24138.332242499946,NaN,NaN,NaN,NaN,NaN,NaN,NaN,NaN,NaN,NaN,NaN,NaN
1763748000,24286.728892148043,24286.728892148043,24158.9363,24219.996124999998,NaN,NaN,NaN,NaN,NaN,NaN,NaN,NaN,NaN,NaN,NaN,NaN,NaN,NaN,NaN,NaN,NaN,NaN,NaN,NaN,24210.138327496552,25002.706514043028,25006.593592109333,24506.246391875145,24135.878891249948,NaN,NaN,NaN,NaN,NaN,NaN,NaN,NaN,NaN,NaN,NaN,NaN
1763748900,24253.36250857402,24253.36250857402,24135.1972,24172.273325,NaN,NaN,NaN,NaN,NaN,NaN,NaN,NaN,NaN,NaN,NaN,NaN,NaN,NaN,NaN,NaN,NaN,NaN,NaN,NaN,24206.69605454232,25002.698986093812,25001.721759921835,24500.094830937647,24131.53948499995,NaN,NaN,NaN,NaN,NaN,NaN,NaN,NaN,NaN,NaN,NaN,NaN
1763749800,24212.81791678701,24313.6815,24181.21,24249.129725,NaN,NaN,NaN,NaN,NaN,NaN,NaN,NaN,NaN,NaN,NaN,NaN,NaN,NaN,NaN,NaN,NaN,NaN,NaN,NaN,24210.553660947564,25002.762093027406,24997.077808046837,24495.031094687645,24133.212312499945,NaN,NaN,NaN,NaN,NaN,NaN,NaN,NaN,NaN,NaN,NaN,NaN
1763750700,24230.973820893505,24475.4859,24230.973820893505,24370.7091,NaN,NaN,NaN,NaN,NaN,NaN,NaN,NaN,NaN,NaN,NaN,NaN,NaN,NaN,NaN,NaN,NaN,NaN,NaN,NaN,24225.113246315967,25002.919152285216,24992.804197265585,24491.512084687645,24144.414179999945,NaN,NaN,NaN,NaN,NaN,NaN,NaN,NaN,NaN,NaN,NaN,NaN
1763751600,24300.841460446754,24488.2163,24300.841460446754,24436.3149,NaN,NaN,NaN,NaN,NaN,NaN,NaN,NaN,NaN,NaN,NaN,NaN,NaN,NaN,NaN,NaN,NaN,NaN,NaN,NaN,24244.31339665088,25003.125991386776,24988.737586562456,24488.870044375148,24162.945118749944,NaN,NaN,NaN,NaN,NaN,NaN,NaN,NaN,NaN,NaN,NaN,NaN
1763752500,24368.578180223376,24521.8372,24368.578180223376,24483.438800000004,NaN,NaN,NaN,NaN,NaN,NaN,NaN,NaN,NaN,NaN,NaN,NaN,NaN,NaN,NaN,NaN,NaN,NaN,NaN,NaN,24266.052069682617,25003.377658535217,24984.86333851558,24486.770449687647,24184.331893749946,NaN,NaN,NaN,NaN,NaN,NaN,NaN,NaN,NaN,NaN,NaN,NaN
1763753400,24426.00849011169,24518.1778,24422.2281,24469.825,NaN,NaN,NaN,NaN,NaN,NaN,NaN,NaN,NaN,NaN,NaN,NaN,NaN,NaN,NaN,NaN,NaN,NaN,NaN,NaN,24284.57688152965,25003.61995873053,24981.034408828084,24484.254555000145,24201.123248749947,NaN,NaN,NaN,NaN,NaN,NaN,NaN,NaN,NaN,NaN,NaN,NaN
1763754300,24447.916745055845,24447.916745055845,24357.3972,24405.017474999997,NaN,NaN,NaN,NaN,NaN,NaN,NaN,NaN,NaN,NaN,NaN,NaN,NaN,NaN,NaN,NaN,NaN,NaN,NaN,NaN,24295.52602639059,25003.816981953187,24977.141558281208,24481.036475312645,24215.29158124995,NaN,NaN,NaN,NaN,NaN,NaN,NaN,NaN,NaN,NaN,NaN,NaN
1763755200,24426.467110027923,24426.467110027923,24370.5006,24395.00615,NaN,NaN,NaN,NaN,NaN,NaN,NaN,NaN,NaN,NaN,NaN,NaN,NaN,NaN,NaN,NaN,NaN,NaN,NaN,NaN,24304.569673991446,25004.002313906312,24973.318839531206,24478.274348437648,24231.27482124995,NaN,NaN,NaN,NaN,NaN,NaN,NaN,NaN,NaN,NaN,NaN,NaN
1763756100,24410.736630013962,24419.7484,24318.5982,24365.395275000003,NaN,NaN,NaN,NaN,NaN,NaN,NaN,NaN,NaN,NaN,NaN,NaN,NaN,NaN,NaN,NaN,NaN,NaN,NaN,NaN,24310.09927408313,25004.170218066465,24969.696630390583,24475.432837812645,24248.54383249995,NaN,NaN,NaN,NaN,NaN,NaN,NaN,NaN,NaN,NaN,NaN,NaN
1763757000,24388.065952506982,24388.065952506982,24282.4872,24321.61205,NaN,NaN,NaN,NaN,NaN,NaN,NaN,NaN,NaN,NaN,NaN,NaN,NaN,NaN,NaN,NaN,NaN,NaN,NaN,NaN,24311.145890075575,25004.313234843812,24966.154614296833,24472.669020625144,24267.28565749995,NaN,NaN,NaN,NaN,NaN,NaN,NaN,NaN,NaN,NaN,NaN,NaN
1763757900,24354.83900125349,24364.5109,24214.5531,24283.658925,NaN,NaN,NaN,NaN,NaN,NaN,NaN,NaN,NaN,NaN,NaN,NaN,NaN,NaN,NaN,NaN,NaN,NaN,NaN,NaN,24308.647075068704,25004.42349613287,24962.832099218707,24469.928867812647,24283.171267499947,NaN,NaN,NaN,NaN,NaN,NaN,NaN,NaN,NaN,NaN,NaN,NaN
1763758800,24319.248963126745,24319.248963126745,24238.0091,24238.786249999997,NaN,NaN,NaN,NaN,NaN,NaN,NaN,NaN,NaN,NaN,NaN,NaN,NaN,NaN,NaN,NaN,NaN,NaN,NaN,NaN,24302.296090971548,25004.492376386777,24959.351657812455,24465.543538750146,24297.414951249946,NaN,NaN,NaN,NaN,NaN,NaN,NaN,NaN,NaN,NaN,NaN,NaN
1763994600,24279.01760656337,24647.5272,24279.01760656337,24530.85945,NaN,NaN,NaN,NaN,NaN,NaN,NaN,NaN,NaN,NaN,NaN,NaN,NaN,NaN,NaN,NaN,NaN,NaN,NaN,NaN,24323.074578155953,25004.77204019537,24956.960472031205,24462.967314687645,24322.494076249946,NaN,NaN,NaN,NaN,NaN,NaN,NaN,NaN,NaN,NaN,NaN,NaN
1763995500,24404.938528281687,24615.7001,24404.938528281687,24571.172175,NaN,NaN,NaN,NaN,NaN,NaN,NaN,NaN,NaN,NaN,NaN,NaN,NaN,NaN,NaN,NaN,NaN,NaN,NaN,NaN,24345.628905141773,25005.070172812557,24954.99003648433,24459.64389812515,24344.95381874995,NaN,NaN,NaN,NaN,NaN,NaN,NaN,NaN,NaN,NaN,NaN,NaN
1763996400,24488.055351640844,24698.0794,24488.055351640844,24642.598475000003,NaN,NaN,NaN,NaN,NaN,NaN,NaN,NaN,NaN,NaN,NaN,NaN,NaN,NaN,NaN,NaN,NaN,NaN,NaN,NaN,24372.62613876525,25005.45179107428,24953.217732031208,24456.779533125147,24366.272848749948,NaN,NaN,NaN,NaN,NaN,NaN,NaN,NaN,NaN,NaN,NaN,NaN
1763997300,24565.326913320423,24678.6543,24565.326913320423,24654.7393,NaN,NaN,NaN,NaN,NaN,NaN,NaN,NaN,NaN,NaN,NaN,NaN,NaN,NaN,NaN,NaN,NaN,NaN,NaN,NaN,24398.272789786588,25005.86580361334,24951.484203593707,24454.343737812647,24384.66320624995,NaN,NaN,NaN,NaN,NaN,NaN,NaN,NaN,NaN,NaN,NaN,NaN
1763998200,24610.033106660212,24735.1854,24610.033106660212,24692.40235,NaN,NaN,NaN,NaN,NaN,NaN,NaN,NaN,NaN,NaN,NaN,NaN,NaN,NaN,NaN,NaN,NaN,NaN,NaN,NaN,24425.01184071508,25006.30842205084,24949.99586164058,24453.539764687648,24405.261101249947,NaN,NaN,NaN,NaN,NaN,NaN,NaN,NaN,NaN,NaN,NaN,NaN
1763999100,24651.217728330106,24742.9752,24651.217728330106,24716.625175,NaN,NaN,NaN,NaN,NaN,NaN,NaN,NaN,NaN,NaN,NaN,NaN,NaN,NaN,NaN,NaN,NaN,NaN,NaN,NaN,24451.52214383189,25006.800242265683,24948.726864374956,24454.23481781265,24425.88171124995,NaN,NaN,NaN,NaN,NaN,NaN,NaN,NaN,NaN,NaN,NaN,NaN
1764000000,24683.921451665054,24800.8116,24683.921451665054,24752.179975,NaN,NaN,NaN,NaN,NaN,NaN,NaN,NaN,NaN,NaN,NaN,NaN,NaN,NaN,NaN,NaN,NaN,NaN,NaN,NaN,24478.854673938084,25007.249833867245,24947.532854374957,24455.727077812648,24448.58699999995,NaN,NaN,NaN,NaN,NaN,NaN,NaN,NaN,NaN,NaN,NaN,NaN
1764000900,24718.050713332526,24810.0236,24718.050713332526,24793.86115,NaN,NaN,NaN,NaN,NaN,NaN,NaN,NaN,NaN,NaN,NaN,NaN,NaN,NaN,NaN,NaN,NaN,NaN,NaN,NaN,24507.49162630735,25007.689805703183,24946.4910782812,24458.014590000148,24477.28025124995,NaN,NaN,NaN,NaN,NaN,NaN,NaN,NaN,NaN,NaN,NaN,NaN
1764001800,24755.955931666263,24808.2572,24755.955931666263,24792.309325000002,NaN,NaN,NaN,NaN,NaN,NaN,NaN,NaN,NaN,NaN,NaN,NaN,NaN,NaN,NaN,NaN,NaN,NaN,NaN,NaN,24533.384144370317,25008.10674945318,24945.376691171827,24460.277715312648,24508.282051249953,NaN,NaN,NaN,NaN,NaN,NaN,NaN,NaN,NaN,NaN,NaN,NaN
1764002700,24774.132628333133,24816.4015,24762.7747,24788.591125,NaN,NaN,NaN,NaN,NaN,NaN,NaN,NaN,NaN,NaN,NaN,NaN,NaN,NaN,NaN,NaN,NaN,NaN,NaN,NaN,24556.584778973014,25008.54232470709,24944.0837295312,24462.855441250147,24535.255121249953,NaN,NaN,NaN,NaN,NaN,NaN,NaN,NaN,NaN,NaN,NaN,NaN
1764003600,24781.361876666568,24791.9008,24757.5987,24772.58625,NaN,NaN,NaN,NaN,NaN,NaN,NaN,NaN,NaN,NaN,NaN,NaN,NaN,NaN,NaN,NaN,NaN,NaN,NaN,NaN,24576.221276339103,25008.972539394592,24942.822425781203,24465.785595000147,24555.348978749953,NaN,NaN,NaN,NaN,NaN,NaN,NaN,NaN,NaN,NaN,NaN,NaN
1764004500,24776.974063333284,24816.6442,24763.4704,24789.90805,NaN,NaN,NaN,NaN,NaN,NaN,NaN,NaN,NaN,NaN,NaN,NaN,NaN,NaN,NaN,NaN,NaN,NaN,NaN,NaN,24595.64734667191,25009.270380566468,24941.628293515576,24469.178034687648,24573.028636249954,NaN,NaN,NaN,NaN,NaN,NaN,NaN,NaN,NaN,NaN,NaN,NaN
1764005400,24783.44105666664,24859.7797,24783.44105666664,24833.33305,NaN,NaN,NaN,NaN,NaN,NaN,NaN,NaN,NaN,NaN,NaN,NaN,NaN,NaN,NaN,NaN,NaN,NaN,NaN,NaN,24617.255137883556,25009.608275097715,24940.396233359326,24472.85853218765,24590.52334874995,NaN,NaN,NaN,NaN,NaN,NaN,NaN,NaN,NaN,NaN,NaN,NaN
1764006300,24808.38705333332,24865.6349,24808.38705333332,24851.284475,NaN,NaN,NaN,NaN,NaN,NaN,NaN,NaN,NaN,NaN,NaN,NaN,NaN,NaN,NaN,NaN,NaN,NaN,NaN,NaN,24638.530532166867,25009.90702423834,24939.229545781203,24476.385486875148,24609.59632249995,NaN,NaN,NaN,NaN,NaN,NaN,NaN,NaN,NaN,NaN,NaN,NaN
1764007200,24829.83576416666,24880.6427,24829.83576416666,24863.456875,NaN,NaN,NaN,NaN,NaN,NaN,NaN,NaN,NaN,NaN,NaN,NaN,NaN,NaN,NaN,NaN,NaN,NaN,NaN,NaN,24658.978381515335,25010.183034140682,24938.029573437452,24480.249376250147,24632.51829249995,NaN,NaN,NaN,NaN,NaN,NaN,NaN,NaN,NaN,NaN,NaN,NaN
1764008100,24846.646319583328,24878.8743,24846.646319583328,24866.735025,NaN,NaN,NaN,NaN,NaN,NaN,NaN,NaN,NaN,NaN,NaN,NaN,NaN,NaN,NaN,NaN,NaN,NaN,NaN,NaN,24677.86534910485,25010.45216173834,24936.70676624995,24484.154142812647,24656.10473624995,NaN,NaN,NaN,NaN,NaN,NaN,NaN,NaN,NaN,NaN,NaN,NaN
1764009000,24856.690672291665,24866.4726,24843.0753,24856.825,NaN,NaN,NaN,NaN,NaN,NaN,NaN,NaN,NaN,NaN,NaN,NaN,NaN,NaN,NaN,NaN,NaN,NaN,NaN,NaN,24694.134408277136,25010.73465173834,24935.336256093702,24487.65065218765,24680.676222499947,NaN,NaN,NaN,NaN,NaN,NaN,NaN,NaN,NaN,NaN,NaN,NaN
1764009900,24856.757836145833,24869.244,24849.5899,24858.199924999997,NaN,NaN,NaN,NaN,NaN,NaN,NaN,NaN,NaN,NaN,NaN,NaN,NaN,NaN,NaN,NaN,NaN,NaN,NaN,NaN,24709.04945525194,25011.01408529303,24934.018930859325,24490.98000218765,24707.505616249946,NaN,NaN,NaN,NaN,NaN,NaN,NaN,NaN,NaN,NaN,NaN,NaN
1764010800,24857.478880572915,24887.1708,24851.9184,24867.265049999998,NaN,NaN,NaN,NaN,NaN,NaN,NaN,NaN,NaN,NaN,NaN,NaN,NaN,NaN,NaN,NaN,NaN,NaN,NaN,NaN,24723.43269113813,25011.279327421937,24932.72717687495,24494.94343750015,24736.685922499946,NaN,NaN,NaN,NaN,NaN,NaN,NaN,NaN,NaN,NaN,NaN,NaN
1764011700,24862.371965286457,24882.0389,24857.1831,24869.526875,NaN,NaN,NaN,NaN,NaN,NaN,NaN,NaN,NaN,NaN,NaN,NaN,NaN,NaN,NaN,NaN,NaN,NaN,NaN,NaN,24736.713980580116,25011.548126308655,24931.515706093698,24499.37572625015,24768.222953749944,NaN,NaN,NaN,NaN,NaN,NaN,NaN,NaN,NaN,NaN,NaN,NaN
1764012600,24865.949420143228,24865.949420143228,24830.4596,24850.432224999997,NaN,NaN,NaN,NaN,NaN,NaN,NaN,NaN,NaN,NaN,NaN,NaN,NaN,NaN,NaN,NaN,NaN,NaN,NaN,NaN,24747.052002800105,25011.82200248053,24930.374611328072,24503.09071187515,24784.201592499943,NaN,NaN,NaN,NaN,NaN,NaN,NaN,NaN,NaN,NaN,NaN,NaN
1764013500,24858.19082257161,24858.19082257161,24820.5736,24838.583825,NaN,NaN,NaN,NaN,NaN,NaN,NaN,NaN,NaN,NaN,NaN,NaN,NaN,NaN,NaN,NaN,NaN,NaN,NaN,NaN,24755.37307754555,25012.094488457093,24929.38128554682,24506.082710000148,24797.572174999943,NaN,NaN,NaN,NaN,NaN,NaN,NaN,NaN,NaN,NaN,NaN,NaN
1764014400,24848.387323785806,24878.4812,24841.165,24856.46735,NaN,NaN,NaN,NaN,NaN,NaN,NaN,NaN,NaN,NaN,NaN,NaN,NaN,NaN,NaN,NaN,NaN,NaN,NaN,NaN,24764.5634659505,25012.36690181647,24928.520118359324,24508.478492500148,24808.265618749945,NaN,NaN,NaN,NaN,NaN,NaN,NaN,NaN,NaN,NaN,NaN,NaN
1764015300,24852.427336892903,24888.8169,24852.427336892903,24868.0016,NaN,NaN,NaN,NaN,NaN,NaN,NaN,NaN,NaN,NaN,NaN,NaN,NaN,NaN,NaN,NaN,NaN,NaN,NaN,NaN,24773.966932682273,25012.636773320373,24928.4023448437,24510.621056875145,24818.92873374994,NaN,NaN,NaN,NaN,NaN,NaN,NaN,NaN,NaN,NaN,NaN,NaN
1764016200,24860.21446844645,24888.4312,24855.1338,24873.515724999997,NaN,NaN,NaN,NaN,NaN,NaN,NaN,NaN,NaN,NaN,NaN,NaN,NaN,NaN,NaN,NaN,NaN,NaN,NaN,NaN,24783.016822892976,25012.903766894593,24928.376912421823,24513.319172812648,24827.98440249994,NaN,NaN,NaN,NaN,NaN,NaN,NaN,NaN,NaN,NaN,NaN,NaN
1764017100,24866.865096723224,24923.5935,24854.944,24884.4653,NaN,NaN,NaN,NaN,NaN,NaN,NaN,NaN,NaN,NaN,NaN,NaN,NaN,NaN,NaN,NaN,NaN,NaN,NaN,NaN,24792.239411720886,25013.177270527405,24928.409270546825,24516.372755312645,24836.376408749944,NaN,NaN,NaN,NaN,NaN,NaN,NaN,NaN,NaN,NaN,NaN,NaN
1764018000,24875.66519836161,24875.66519836161,24868.9713,24871.40765,NaN,NaN,NaN,NaN,NaN,NaN,NaN,NaN,NaN,NaN,NaN,NaN,NaN,NaN,NaN,NaN,NaN,NaN,NaN,NaN,24799.436524291716,25013.450429746157,24928.366455937452,24513.282670625144,24842.337792499944,NaN,NaN,NaN,NaN,NaN,NaN,NaN,NaN,NaN,NaN,NaN,NaN
1764081000,24873.536424180806,24873.536424180806,24654.0832,24730.91195,NaN,NaN,NaN,NaN,NaN,NaN,NaN,NaN,NaN,NaN,NaN,NaN,NaN,NaN,NaN,NaN,NaN,NaN,NaN,NaN,24793.207017537923,25013.6351152735,24928.1133689062,24508.045733750147,24839.190332499944,NaN,NaN,NaN,NaN,NaN,NaN,NaN,NaN,NaN,NaN,NaN,NaN
1764081900,24802.224187090404,24802.224187090404,24542.7154,24679.4371,NaN,NaN,NaN,NaN,NaN,NaN,NaN,NaN,NaN,NaN,NaN,NaN,NaN,NaN,NaN,NaN,NaN,NaN,NaN,NaN,24782.86429776175,25013.789326132875,24927.91226531245,24502.224297812645,24833.546721249942,NaN,NaN,NaN,NaN,NaN,NaN,NaN,NaN,NaN,NaN,NaN,NaN
1764082800,24740.830643545203,24754.8166,24591.1588,24691.924875,NaN,NaN,NaN,NaN,NaN,NaN,NaN,NaN,NaN,NaN,NaN,NaN,NaN,NaN,NaN,NaN,NaN,NaN,NaN,NaN,24774.59707751068,25013.949201875064,24927.87333812495,24496.769560312645,24828.713408749943,NaN,NaN,NaN,NaN,NaN,NaN,NaN,NaN,NaN,NaN,NaN,NaN
1764083700,24716.377759272604,24716.377759272604,24638.89,24685.25035,NaN,NaN,NaN,NaN,NaN,NaN,NaN,NaN,NaN,NaN,NaN,NaN,NaN,NaN,NaN,NaN,NaN,NaN,NaN,NaN,24766.47464773698,25014.10434216803,24927.853862187454,24490.447850312645,24824.34661374994,NaN,NaN,NaN,NaN,NaN,NaN,NaN,NaN,NaN,NaN,NaN,NaN
1764084600,24700.8140546363,24775.4175,24700.8140546363,24741.177125,NaN,NaN,NaN,NaN,NaN,NaN,NaN,NaN,NaN,NaN,NaN,NaN,NaN,NaN,NaN,NaN,NaN,NaN,NaN,NaN,24764.17487294271,25014.30453447272,24928.027963749955,24485.416636562648,24821.910067499943,NaN,NaN,NaN,NaN,NaN,NaN,NaN,NaN,NaN,NaN,NaN,NaN
1764085500,24720.99558981815,24806.8431,24697.6712,24758.293224999998,NaN,NaN,NaN,NaN,NaN,NaN,NaN,NaN,NaN,NaN,NaN,NaN,NaN,NaN,NaN,NaN,NaN,NaN,NaN,NaN,24763.640177675188,25014.51221679694,24928.330802890578,24482.394718750147,24818.158076249943,NaN,NaN,NaN,NaN,NaN,NaN,NaN,NaN,NaN,NaN,NaN,NaN
1764086400,24739.644407409076,24753.0933,24710.0307,24733.331575,NaN,NaN,NaN,NaN,NaN,NaN,NaN,NaN,NaN,NaN,NaN,NaN,NaN,NaN,NaN,NaN,NaN,NaN,NaN,NaN,24760.884850159262,25014.695605761786,24928.604504609328,24480.653173125145,24812.260431249946,NaN,NaN,NaN,NaN,NaN,NaN,NaN,NaN,NaN,NaN,NaN,NaN
1764087300,24736.487991204536,24812.7426,24712.0568,24757.513100000004,NaN,NaN,NaN,NaN,NaN,NaN,NaN,NaN,NaN,NaN,NaN,NaN,NaN,NaN,NaN,NaN,NaN,NaN,NaN,NaN,24760.578327417512,25014.911778945378,24928.7730170312,24480.807555937645,24806.963242499944,NaN,NaN,NaN,NaN,NaN,NaN,NaN,NaN,NaN,NaN,NaN,NaN
1764088200,24747.00054560227,24820.4294,24747.00054560227,24798.44125,NaN,NaN,NaN,NaN,NaN,NaN,NaN,NaN,NaN,NaN,NaN,NaN,NaN,NaN,NaN,NaN,NaN,NaN,NaN,NaN,24764.020411288646,25015.17174507819,24929.0212351562,24483.639621562645,24803.548553749944,NaN,NaN,NaN,NaN,NaN,NaN,NaN,NaN,NaN,NaN,NaN,NaN
1764089100,24772.720897801133,24845.4236,24772.720897801133,24815.06995,NaN,NaN,NaN,NaN,NaN,NaN,NaN,NaN,NaN,NaN,NaN,NaN,NaN,NaN,NaN,NaN,NaN,NaN,NaN,NaN,24768.661278444222,25015.45111048835,24929.34805187495,24488.238622187644,24801.460801249945,NaN,NaN,NaN,NaN,NaN,NaN,NaN,NaN,NaN,NaN,NaN,NaN
1764090000,24793.89542390057,24884.2069,24793.89542390057,24857.3479,NaN,NaN,NaN,NaN,NaN,NaN,NaN,NaN,NaN,NaN,NaN,NaN,NaN,NaN,NaN,NaN,NaN,NaN,NaN,NaN,24776.723698585658,25015.767060410224,24929.675652578073,24494.388482812643,24801.418199999946,NaN,NaN,NaN,NaN,NaN,NaN,NaN,NaN,NaN,NaN,NaN,NaN
1764090900,24825.621661950285,24945.2965,24825.621661950285,24904.394975,NaN,NaN,NaN,NaN,NaN,NaN,NaN,NaN,NaN,NaN,NaN,NaN,NaN,NaN,NaN,NaN,NaN,NaN,NaN,NaN,24788.33017825969,25016.06582462897,24930.0382351562,24501.627283125148,24803.274696249944,NaN,NaN,NaN,NaN,NaN,NaN,NaN,NaN,NaN,NaN,NaN,NaN
1764091800,24865.008318475142,24989.3966,24865.008318475142,24949.43945,NaN,NaN,NaN,NaN,NaN,NaN,NaN,NaN,NaN,NaN,NaN,NaN,NaN,NaN,NaN,NaN,NaN,NaN,NaN,NaN,24802.976475690626,25016.388419003975,24930.446459765575,24509.807898437648,24807.27032499995,NaN,NaN,NaN,NaN,NaN,NaN,NaN,NaN,NaN,NaN,NaN,NaN
1764092700,24907.223884237574,24976.8755,24907.223884237574,24942.5562,NaN,NaN,NaN,NaN,NaN,NaN,NaN,NaN,NaN,NaN,NaN,NaN,NaN,NaN,NaN,NaN,NaN,NaN,NaN,NaN,24815.66554153693,25016.696511347724,24930.863977890574,24516.491441562648,24811.876523749947,NaN,NaN,NaN,NaN,NaN,NaN,NaN,NaN,NaN,NaN,NaN,NaN
1764093600,24924.890042118786,24945.7525,24917.2013,24928.615875,NaN,NaN,NaN,NaN,NaN,NaN,NaN,NaN,NaN,NaN,NaN,NaN,NaN,NaN,NaN,NaN,NaN,NaN,NaN,NaN,24825.93375366994,25017.001401523503,24931.178922109324,24522.322544375143,24816.378126249947,NaN,NaN,NaN,NaN,NaN,NaN,NaN,NaN,NaN,NaN,NaN,NaN
1764094500,24926.752958559395,24954.5809,24922.6323,24941.43215,NaN,NaN,NaN,NaN,NaN,NaN,NaN,NaN,NaN,NaN,NaN,NaN,NaN,NaN,NaN,NaN,NaN,NaN,NaN,NaN,24836.43360788176,25017.32621953132,24931.48870312495,24529.76822062514,24820.626366249948,NaN,NaN,NaN,NaN,NaN,NaN,NaN,NaN,NaN,NaN,NaN,NaN
1764095400,24934.092554279698,24961.1322,24934.092554279698,24949.732425,NaN,NaN,NaN,NaN,NaN,NaN,NaN,NaN,NaN,NaN,NaN,NaN,NaN,NaN,NaN,NaN,NaN,NaN,NaN,NaN,24846.733500347054,25017.667789062565,24931.584251171826,24538.847124062646,24824.712907499947,NaN,NaN,NaN,NaN,NaN,NaN,NaN,NaN,NaN,NaN,NaN,NaN
1764096300,24941.91248963985,24982.0861,24941.91248963985,24958.321125,NaN,NaN,NaN,NaN,NaN,NaN,NaN,NaN,NaN,NaN,NaN,NaN,NaN,NaN,NaN,NaN,NaN,NaN,NaN,NaN,24856.877829860958,25018.018630449285,24931.49034781245,24548.504063437642,24828.95317749995,NaN,NaN,NaN,NaN,NaN,NaN,NaN,NaN,NaN,NaN,NaN,NaN
1764097200,24950.116807319922,24965.3377,24937.2903,24950.6544,NaN,NaN,NaN,NaN,NaN,NaN,NaN,NaN,NaN,NaN,NaN,NaN,NaN,NaN,NaN,NaN,NaN,NaN,NaN,NaN,24865.40297260087,25018.37979003913,24931.3516982812,24557.505681875144,24832.26263249995,NaN,NaN,NaN,NaN,NaN,NaN,NaN,NaN,NaN,NaN,NaN,NaN
1764098100,24950.38560365996,24950.38560365996,24892.8224,24924.14735,NaN,NaN,NaN,NaN,NaN,NaN,NaN,NaN,NaN,NaN,NaN,NaN,NaN,NaN,NaN,NaN,NaN,NaN,NaN,NaN,24870.743370546246,25018.71770009772,24931.213933359322,24566.039163125148,24834.89961749995,NaN,NaN,NaN,NaN,NaN,NaN,NaN,NaN,NaN,NaN,NaN,NaN
1764099000,24937.26647682998,24937.26647682998,24871.5739,24901.39405,NaN,NaN,NaN,NaN,NaN,NaN,NaN,NaN,NaN,NaN,NaN,NaN,NaN,NaN,NaN,NaN,NaN,NaN,NaN,NaN,24873.529795951134,25019.019044003973,24930.942253359324,24573.943299375147,24843.42372249995,NaN,NaN,NaN,NaN,NaN,NaN,NaN,NaN,NaN,NaN,NaN,NaN
1764099900,24919.330263414988,24954.0135,24887.1572,24921.8352,NaN,NaN,NaN,NaN,NaN,NaN,NaN,NaN,NaN,NaN,NaN,NaN,NaN,NaN,NaN,NaN,NaN,NaN,NaN,NaN,24877.921196319214,25019.313819961004,24930.60925031245,24582.227971250144,24855.543627499952,NaN,NaN,NaN,NaN,NaN,NaN,NaN,NaN,NaN,NaN,NaN,NaN
1764100800,24920.582731707495,24977.5426,24920.582731707495,24958.71455,NaN,NaN,NaN,NaN,NaN,NaN,NaN,NaN,NaN,NaN,NaN,NaN,NaN,NaN,NaN,NaN,NaN,NaN,NaN,NaN,24885.26604665383,25019.62146644538,24930.2879267187,24591.515988437644,24868.88311124995,NaN,NaN,NaN,NaN,NaN,NaN,NaN,NaN,NaN,NaN,NaN,NaN
1764101700,24939.648640853746,24986.7406,24939.648640853746,24972.110625,NaN,NaN,NaN,NaN,NaN,NaN,NaN,NaN,NaN,NaN,NaN,NaN,NaN,NaN,NaN,NaN,NaN,NaN,NaN,NaN,24893.161008321662,25019.93518910163,24928.728177265577,24601.833974375146,24883.22612499995,NaN,NaN,NaN,NaN,NaN,NaN,NaN,NaN,NaN,NaN,NaN,NaN
1764102600,24955.879632926873,25017.9167,24955.879632926873,24997.95285,NaN,NaN,NaN,NaN,NaN,NaN,NaN,NaN,NaN,NaN,NaN,NaN,NaN,NaN,NaN,NaN,NaN,NaN,NaN,NaN,24902.68753938333,25020.26484691413,24927.08250914058,24613.487183437646,24896.06491124995,NaN,NaN,NaN,NaN,NaN,NaN,NaN,NaN,NaN,NaN,NaN,NaN
1764103500,24976.916241463437,25069.5434,24976.916241463437,25025.789099999998,NaN,NaN,NaN,NaN,NaN,NaN,NaN,NaN,NaN,NaN,NaN,NaN,NaN,NaN,NaN,NaN,NaN,NaN,NaN,NaN,24913.878590348482,25020.623505117255,24925.503792421827,24625.61325593765,24909.439704999946,NaN,NaN,NaN,NaN,NaN,NaN,NaN,NaN,NaN,NaN,NaN,NaN
1764104400,25001.352670731718,25018.3502,25001.352670731718,25017.62325,NaN,NaN,NaN,NaN,NaN,NaN,NaN,NaN,NaN,NaN,NaN,NaN,NaN,NaN,NaN,NaN,NaN,NaN,NaN,NaN,24923.309923044075,25020.983209921942,24923.89132031245,24636.658572812645,24923.654288749945,NaN,NaN,NaN,NaN,NaN,NaN,NaN,NaN,NaN,NaN,NaN,NaN
1764167400,25009.48796036586,25209.5198,25009.48796036586,25168.155925,NaN,NaN,NaN,NaN,NaN,NaN,NaN,NaN,NaN,NaN,NaN,NaN,NaN,NaN,NaN,NaN,NaN,NaN,NaN,NaN,24945.568650494613,25021.4533628321,24922.7537301562,24649.73988656265,24944.18642999995,NaN,NaN,NaN,NaN,NaN,NaN,NaN,NaN,NaN,NaN,NaN,NaN
1764168300,25088.82194268293,25216.954,25088.82194268293,25147.386175,NaN,NaN,NaN,NaN,NaN,NaN,NaN,NaN,NaN,NaN,NaN,NaN,NaN,NaN,NaN,NaN,NaN,NaN,NaN,NaN,24963.915698176923,25021.902733906318,24921.746198281202,24663.140446875146,24961.63367624995,NaN,NaN,NaN,NaN,NaN,NaN,NaN,NaN,NaN,NaN,NaN,NaN
1764169200,25118.104058841465,25156.1253,25077.8606,25112.532124999998,NaN,NaN,NaN,NaN,NaN,NaN,NaN,NaN,NaN,NaN,NaN,NaN,NaN,NaN,NaN,NaN,NaN,NaN,NaN,NaN,24977.426282433567,25022.327137128974,24920.81985656245,24676.796910312645,24976.506784999947,NaN,NaN,NaN,NaN,NaN,NaN,NaN,NaN,NaN,NaN,NaN,NaN
1764170100,25115.31809192073,25143.4228,25079.496,25115.417,NaN,NaN,NaN,NaN,NaN,NaN,NaN,NaN,NaN,NaN,NaN,NaN,NaN,NaN,NaN,NaN,NaN,NaN,NaN,NaN,24989.970893121426,25022.755971953193,24919.9379151562,24691.404928437645,24989.410239999946,NaN,NaN,NaN,NaN,NaN,NaN,NaN,NaN,NaN,NaN,NaN,NaN
1764171000,25115.367545960366,25185.5483,25115.367545960366,25151.574025,NaN,NaN,NaN,NaN,NaN,NaN,NaN,NaN,NaN,NaN,NaN,NaN,NaN,NaN,NaN,NaN,NaN,NaN,NaN,NaN,25004.66208692857,25023.20967656257,24919.212929531197,24706.225269687646,25001.769192499945,NaN,NaN,NaN,NaN,NaN,NaN,NaN,NaN,NaN,NaN,NaN,NaN
1764171900,25133.47078548018,25205.4264,25130.9188,25175.667225,NaN,NaN,NaN,NaN,NaN,NaN,NaN,NaN,NaN,NaN,NaN,NaN,NaN,NaN,NaN,NaN,NaN,NaN,NaN,NaN,25020.208008571426,25023.680855878974,24918.524006249947,24721.497202812647,25013.08058124995,NaN,NaN,NaN,NaN,NaN,NaN,NaN,NaN,NaN,NaN,NaN,NaN
1764172800,25154.56900524009,25243.472,25154.56900524009,25219.087849999996,NaN,NaN,NaN,NaN,NaN,NaN,NaN,NaN,NaN,NaN,NaN,NaN,NaN,NaN,NaN,NaN,NaN,NaN,NaN,NaN,25038.287994155842,25024.179441933662,24917.864015859323,24736.369839062645,25026.90716374995,NaN,NaN,NaN,NaN,NaN,NaN,NaN,NaN,NaN,NaN,NaN,NaN
1764173700,25186.828427620043,25274.1185,25186.828427620043,25247.908700000004,NaN,NaN,NaN,NaN,NaN,NaN,NaN,NaN,NaN,NaN,NaN,NaN,NaN,NaN,NaN,NaN,NaN,NaN,NaN,NaN,25057.344421959857,25024.69219597663,24917.277070859323,24750.443981250148,25042.87180499995,NaN,NaN,NaN,NaN,NaN,NaN,NaN,NaN,NaN,NaN,NaN,NaN
1764174600,25217.36856381002,25309.1481,25217.36856381002,25279.7493,NaN,NaN,NaN,NaN,NaN,NaN,NaN,NaN,NaN,NaN,NaN,NaN,NaN,NaN,NaN,NaN,NaN,NaN,NaN,NaN,25077.56304723623,25025.23065687507,24916.6663432812,24763.73812406265,25059.78766249995,NaN,NaN,NaN,NaN,NaN,NaN,NaN,NaN,NaN,NaN,NaN,NaN
1764175500,25248.558931905012,25299.7988,25248.558931905012,25289.649125,NaN,NaN,NaN,NaN,NaN,NaN,NaN,NaN,NaN,NaN,NaN,NaN,NaN,NaN,NaN,NaN,NaN,NaN,NaN,NaN,25096.84359976021,25025.763099336004,24915.9678323437,24776.27208625015,25076.78349749995,NaN,NaN,NaN,NaN,NaN,NaN,NaN,NaN,NaN,NaN,NaN,NaN
1764176400,25269.104028452508,25295.255,25248.5238,25272.6304,NaN,NaN,NaN,NaN,NaN,NaN,NaN,NaN,NaN,NaN,NaN,NaN,NaN,NaN,NaN,NaN,NaN,NaN,NaN,NaN,25112.824217963826,25026.269951445378,24915.1391870312,24788.67441062515,25092.498961249952,NaN,NaN,NaN,NaN,NaN,NaN,NaN,NaN,NaN,NaN,NaN,NaN
1764177300,25270.86721422625,25281.3812,25248.3447,25265.635049999997,NaN,NaN,NaN,NaN,NaN,NaN,NaN,NaN,NaN,NaN,NaN,NaN,NaN,NaN,NaN,NaN,NaN,NaN,NaN,NaN,25126.716111785296,25026.79231255866,24914.292219843694,24800.69218656265,25108.247993749952,NaN,NaN,NaN,NaN,NaN,NaN,NaN,NaN,NaN,NaN,NaN,NaN
1764178200,25268.251132113124,25302.1233,25268.251132113124,25286.880225,NaN,NaN,NaN,NaN,NaN,NaN,NaN,NaN,NaN,NaN,NaN,NaN,NaN,NaN,NaN,NaN,NaN,NaN,NaN,NaN,25141.276485713905,25027.314981406318,24913.477174374948,24813.05226187515,25126.384637499952,NaN,NaN,NaN,NaN,NaN,NaN,NaN,NaN,NaN,NaN,NaN,NaN
1764179100,25277.565678556562,25301.6193,25270.0592,25286.570675,NaN,NaN,NaN,NaN,NaN,NaN,NaN,NaN,NaN,NaN,NaN,NaN,NaN,NaN,NaN,NaN,NaN,NaN,NaN,NaN,25154.48504837628,25027.83026611335,24912.637665078073,24826.384443750147,25145.64346874995,NaN,NaN,NaN,NaN,NaN,NaN,NaN,NaN,NaN,NaN,NaN,NaN
1764180000,25282.06817677828,25291.2736,25222.4053,25263.061650000003,NaN,NaN,NaN,NaN,NaN,NaN,NaN,NaN,NaN,NaN,NaN,NaN,NaN,NaN,NaN,NaN,NaN,NaN,NaN,NaN,25164.35564852389,25028.316003652413,24911.735369921822,24840.019297812647,25162.70479124995,NaN,NaN,NaN,NaN,NaN,NaN,NaN,NaN,NaN,NaN,NaN,NaN
1764180900,25272.564913389142,25292.3542,25241.721,25269.813075,NaN,NaN,NaN,NaN,NaN,NaN,NaN,NaN,NaN,NaN,NaN,NaN,NaN,NaN,NaN,NaN,NaN,NaN,NaN,NaN,25173.942687294446,25028.78672521491,24910.79071304682,24852.777839687646,25178.25971749995,NaN,NaN,NaN,NaN,NaN,NaN,NaN,NaN,NaN,NaN,NaN,NaN
1764181800,25271.18899419457,25281.7653,25230.6754,25256.1225,NaN,NaN,NaN,NaN,NaN,NaN,NaN,NaN,NaN,NaN,NaN,NaN,NaN,NaN,NaN,NaN,NaN,NaN,NaN,NaN,25181.41357935859,25029.23674300788,24909.757749531196,24863.84550718765,25192.460311249954,NaN,NaN,NaN,NaN,NaN,NaN,NaN,NaN,NaN,NaN,NaN,NaN
1764182700,25263.655747097284,25265.1396,25224.9565,25242.79695,NaN,NaN,NaN,NaN,NaN,NaN,NaN,NaN,NaN,NaN,NaN,NaN,NaN,NaN,NaN,NaN,NaN,NaN,NaN,NaN,25186.993885780535,25029.6790172071,24908.64725062495,24873.92653281265,25204.702516249952,NaN,NaN,NaN,NaN,NaN,NaN,NaN,NaN,NaN,NaN,NaN,NaN
1764183600,25253.22634854864,25272.4844,25235.3096,25256.247675,NaN,NaN,NaN,NaN,NaN,NaN,NaN,NaN,NaN,NaN,NaN,NaN,NaN,NaN,NaN,NaN,NaN,NaN,NaN,NaN,25193.289684800486,25030.13637779304,24907.54251148432,24883.586643750146,25216.225444999953,NaN,NaN,NaN,NaN,NaN,NaN,NaN,NaN,NaN,NaN,NaN,NaN
1764184500,25254.73701177432,25282.6872,25254.73701177432,25272.580274999997,NaN,NaN,NaN,NaN,NaN,NaN,NaN,NaN,NaN,NaN,NaN,NaN,NaN,NaN,NaN,NaN,NaN,NaN,NaN,NaN,25200.49792027317,25030.607480097726,24906.48744960932,24893.621084687646,25228.97329624995,NaN,NaN,NaN,NaN,NaN,NaN,NaN,NaN,NaN,NaN,NaN,NaN
1764185400,25263.658643387156,25291.0319,25249.8803,25269.910475000004,NaN,NaN,NaN,NaN,NaN,NaN,NaN,NaN,NaN,NaN,NaN,NaN,NaN,NaN,NaN,NaN,NaN,NaN,NaN,NaN,25206.808152521065,25031.075689961006,24905.40749570307,24904.432247187648,25234.06102374995,NaN,NaN,NaN,NaN,NaN,NaN,NaN,NaN,NaN,NaN,NaN,NaN
1764186300,25266.78455919358,25270.4169,25247.0016,25260.9101,NaN,NaN,NaN,NaN,NaN,NaN,NaN,NaN,NaN,NaN,NaN,NaN,NaN,NaN,NaN,NaN,NaN,NaN,NaN,NaN,25211.726511382785,25031.521855781317,24904.269381015572,24915.25604656265,25239.73721999995,NaN,NaN,NaN,NaN,NaN,NaN,NaN,NaN,NaN,NaN,NaN,NaN
1764187200,25263.847329596792,25292.2682,25256.4586,25277.60155,NaN,NaN,NaN,NaN,NaN,NaN,NaN,NaN,NaN,NaN,NaN,NaN,NaN,NaN,NaN,NaN,NaN,NaN,NaN,NaN,25217.715151257078,25031.958048964916,24903.227896796823,24926.65862500015,25247.99069124995,NaN,NaN,NaN,NaN,NaN,NaN,NaN,NaN,NaN,NaN,NaN,NaN
1764188100,25270.724439798396,25296.6698,25270.724439798396,25288.64595,NaN,NaN,NaN,NaN,NaN,NaN,NaN,NaN,NaN,NaN,NaN,NaN,NaN,NaN,NaN,NaN,NaN,NaN,NaN,NaN,25224.163405688254,25032.390826367257,24902.53926304682,24938.746548750147,25256.652138749952,NaN,NaN,NaN,NaN,NaN,NaN,NaN,NaN,NaN,NaN,NaN,NaN
1764189000,25279.685194899197,25288.1076,25265.0594,25277.57105,NaN,NaN,NaN,NaN,NaN,NaN,NaN,NaN,NaN,NaN,NaN,NaN,NaN,NaN,NaN,NaN,NaN,NaN,NaN,NaN,25229.018646080232,25032.81257998054,24901.828542890573,24951.170450312646,25262.95198999995,NaN,NaN,NaN,NaN,NaN,NaN,NaN,NaN,NaN,NaN,NaN,NaN
1764189900,25278.628122449598,25281.99,25233.1399,25255.594774999998,NaN,NaN,NaN,NaN,NaN,NaN,NaN,NaN,NaN,NaN,NaN,NaN,NaN,NaN,NaN,NaN,NaN,NaN,NaN,NaN,25231.43465780021,25033.21771060554,24901.095152031194,24963.88055687515,25266.948367499954,NaN,NaN,NaN,NaN,NaN,NaN,NaN,NaN,NaN,NaN,NaN,NaN
1764190800,25267.111448724798,25267.111448724798,25231.7554,25234.34225,NaN,NaN,NaN,NaN,NaN,NaN,NaN,NaN,NaN,NaN,NaN,NaN,NaN,NaN,NaN,NaN,NaN,NaN,NaN,NaN,25231.69898436383,25033.606214199288,24900.413627734317,24972.67409187515,25267.711087499953,NaN,NaN,NaN,NaN,NaN,NaN,NaN,NaN,NaN,NaN,NaN,NaN
1764340200,25250.7268493624,25364.049,25250.7268493624,25315.30145,NaN,NaN,NaN,NaN,NaN,NaN,NaN,NaN,NaN,NaN,NaN,NaN,NaN,NaN,NaN,NaN,NaN,NaN,NaN,NaN,25239.299208512573,25034.05247986335,24900.054817109318,24981.97570781265,25271.080724999953,NaN,NaN,NaN,NaN,NaN,NaN,NaN,NaN,NaN,NaN,NaN,NaN
1764341100,25283.0141496812,25344.9672,25283.0141496812,25312.769625,NaN,NaN,NaN,NaN,NaN,NaN,NaN,NaN,NaN,NaN,NaN,NaN,NaN,NaN,NaN,NaN,NaN,NaN,NaN,NaN,25245.97833728416,25034.494639003977,24899.725920624944,24990.352847187645,25272.73174124995,NaN,NaN,NaN,NaN,NaN,NaN,NaN,NaN,NaN,NaN,NaN,NaN
1764342000,25297.8918873406,25338.8357,25297.7112,25319.61675,NaN,NaN,NaN,NaN,NaN,NaN,NaN,NaN,NaN,NaN,NaN,NaN,NaN,NaN,NaN,NaN,NaN,NaN,NaN,NaN,25252.672738440146,25034.939575859444,24899.41842781244,24998.663815312648,25274.23012249995,NaN,NaN,NaN,NaN,NaN,NaN,NaN,NaN,NaN,NaN,NaN,NaN
1764342900,25308.7543186703,25346.5688,25306.7127,25324.422400000003,NaN,NaN,NaN,NaN,NaN,NaN,NaN,NaN,NaN,NaN,NaN,NaN,NaN,NaN,NaN,NaN,NaN,NaN,NaN,NaN,25259.19543494559,25035.380889296946,24899.088932812443,25006.564065937648,25276.81972249995,NaN,NaN,NaN,NaN,NaN,NaN,NaN,NaN,NaN,NaN,NaN,NaN
1764343800,25316.588359335154,25340.8448,25305.6957,25323.9709,NaN,NaN,NaN,NaN,NaN,NaN,NaN,NaN,NaN,NaN,NaN,NaN,NaN,NaN,NaN,NaN,NaN,NaN,NaN,NaN,25265.084113586898,25035.817897089913,24898.824487968694,25014.15588750015,25279.73651499995,NaN,NaN,NaN,NaN,NaN,NaN,NaN,NaN,NaN,NaN,NaN,NaN
1764344700,25320.279629667577,25367.9128,25320.279629667577,25345.976075,NaN,NaN,NaN,NaN,NaN,NaN,NaN,NaN,NaN,NaN,NaN,NaN,NaN,NaN,NaN,NaN,NaN,NaN,NaN,NaN,25272.437928260817,25036.271526269604,24898.611294843693,25021.57833875015,25282.69130749995,NaN,NaN,NaN,NaN,NaN,NaN,NaN,NaN,NaN,NaN,NaN,NaN
1764345600,25333.12785233379,25382.0263,25333.12785233379,25364.332199999997,NaN,NaN,NaN,NaN,NaN,NaN,NaN,NaN,NaN,NaN,NaN,NaN,NaN,NaN,NaN,NaN,NaN,NaN,NaN,NaN,25280.79195296438,25036.734741601635,24898.39327929682,25028.70922687515,25286.57938374995,NaN,NaN,NaN,NaN,NaN,NaN,NaN,NaN,NaN,NaN,NaN,NaN
1764346500,25348.730026166893,25383.1172,25314.3094,25352.103624999996,NaN,NaN,NaN,NaN,NaN,NaN,NaN,NaN,NaN,NaN,NaN,NaN,NaN,NaN,NaN,NaN,NaN,NaN,NaN,NaN,25287.274832240346,25037.18585919929,24898.04556882807,25035.70665562515,25291.031482499948,NaN,NaN,NaN,NaN,NaN,NaN,NaN,NaN,NaN,NaN,NaN,NaN
1764347400,25350.416825583445,25363.9242,25319.9676,25342.796675,NaN,NaN,NaN,NaN,NaN,NaN,NaN,NaN,NaN,NaN,NaN,NaN,NaN,NaN,NaN,NaN,NaN,NaN,NaN,NaN,25292.322272491223,25037.641047988353,24897.65219539057,25042.63422500015,25294.680662499948,NaN,NaN,NaN,NaN,NaN,NaN,NaN,NaN,NaN,NaN,NaN,NaN
1764348300,25346.60675029172,25375.2865,25345.4069,25361.068150000003,NaN,NaN,NaN,NaN,NaN,NaN,NaN,NaN,NaN,NaN,NaN,NaN,NaN,NaN,NaN,NaN,NaN,NaN,NaN,NaN,25298.571897719296,25038.11382904304,24897.225093437442,25049.990248750153,25299.92794499995,NaN,NaN,NaN,NaN,NaN,NaN,NaN,NaN,NaN,NaN,NaN,NaN
1764349200,25353.83745014586,25383.3208,25350.4165,25369.651224999998,NaN,NaN,NaN,NaN,NaN,NaN,NaN,NaN,NaN,NaN,NaN,NaN,NaN,NaN,NaN,NaN,NaN,NaN,NaN,NaN,25305.033654744813,25038.58971902351,24896.749097968695,25057.23703843765,25306.27065874995,NaN,NaN,NaN,NaN,NaN,NaN,NaN,NaN,NaN,NaN,NaN,NaN
1764350100,25361.744337572927,25378.1421,25359.0193,25368.876075,NaN,NaN,NaN,NaN,NaN,NaN,NaN,NaN,NaN,NaN,NaN,NaN,NaN,NaN,NaN,NaN,NaN,NaN,NaN,NaN,25310.83751113165,25039.087086894604,24896.221973906195,25063.93132625015,25311.902078749947,NaN,NaN,NaN,NaN,NaN,NaN,NaN,NaN,NaN,NaN,NaN,NaN
1764351000,25365.310206286464,25368.598,25339.5565,25352.753275000003,NaN,NaN,NaN,NaN,NaN,NaN,NaN,NaN,NaN,NaN,NaN,NaN,NaN,NaN,NaN,NaN,NaN,NaN,NaN,NaN,25314.64803511968,25039.592252187573,24895.646682656195,25070.19968625015,25315.910728749943,NaN,NaN,NaN,NaN,NaN,NaN,NaN,NaN,NaN,NaN,NaN,NaN
1764351900,25359.031740643233,25435.7726,25339.0548,25387.588275,NaN,NaN,NaN,NaN,NaN,NaN,NaN,NaN,NaN,NaN,NaN,NaN,NaN,NaN,NaN,NaN,NaN,NaN,NaN,NaN,25321.27896601789,25040.126134394603,24895.083202656195,25076.75132875015,25321.794618749944,NaN,NaN,NaN,NaN,NaN,NaN,NaN,NaN,NaN,NaN,NaN,NaN
1764352800,25373.310007821616,25434.9829,25373.310007821616,25434.93105,NaN,NaN,NaN,NaN,NaN,NaN,NaN,NaN,NaN,NaN,NaN,NaN,NaN,NaN,NaN,NaN,NaN,NaN,NaN,NaN,25331.610973652627,25040.692075546947,24894.67442718745,25083.85377906265,25330.495666249943,NaN,NaN,NaN,NaN,NaN,NaN,NaN,NaN,NaN,NaN,NaN,NaN
1764599400,25404.120528910807,25404.120528910807,25158.6321,25213.874125000002,NaN,NaN,NaN,NaN,NaN,NaN,NaN,NaN,NaN,NaN,NaN,NaN,NaN,NaN,NaN,NaN,NaN,NaN,NaN,NaN,25320.907623775114,25041.083353320384,24893.596018281198,25088.31689312515,25327.309294999948,NaN,NaN,NaN,NaN,NaN,NaN,NaN,NaN,NaN,NaN,NaN,NaN
1764600300,25308.997326955403,25325.7376,25189.7751,25254.495225000002,NaN,NaN,NaN,NaN,NaN,NaN,NaN,NaN,NaN,NaN,NaN,NaN,NaN,NaN,NaN,NaN,NaN,NaN,NaN,NaN,25314.870132977376,25041.51257824226,24892.659354999945,25093.27058437515,25325.601758749945,NaN,NaN,NaN,NaN,NaN,NaN,NaN,NaN,NaN,NaN,NaN,NaN
1764601200,25281.746275977704,25337.5304,25281.746275977704,25311.152374999998,NaN,NaN,NaN,NaN,NaN,NaN,NaN,NaN,NaN,NaN,NaN,NaN,NaN,NaN,NaN,NaN,NaN,NaN,NaN,NaN,25314.53215497943,25041.984445703198,24891.901450781195,25098.819175937653,25327.280824999947,NaN,NaN,NaN,NaN,NaN,NaN,NaN,NaN,NaN,NaN,NaN,NaN
1764602100,25296.44932548885,25322.0528,25261.1204,25290.37805,NaN,NaN,NaN,NaN,NaN,NaN,NaN,NaN,NaN,NaN,NaN,NaN,NaN,NaN,NaN,NaN,NaN,NaN,NaN,NaN,25312.33632725403,25042.431737558665,24891.048802968693,25104.07981562515,25329.019988749948,NaN,NaN,NaN,NaN,NaN,NaN,NaN,NaN,NaN,NaN,NaN,NaN
1764603000,25293.413687744425,25307.672,25221.9973,25272.068775,NaN,NaN,NaN,NaN,NaN,NaN,NaN,NaN,NaN,NaN,NaN,NaN,NaN,NaN,NaN,NaN,NaN,NaN,NaN,NaN,25308.67564068548,25042.872447734444,24890.153074453072,25109.350272500153,25330.90631499995,NaN,NaN,NaN,NaN,NaN,NaN,NaN,NaN,NaN,NaN,NaN,NaN
1764603900,25282.741231372212,25366.3428,25273.0009,25321.238325,NaN,NaN,NaN,NaN,NaN,NaN,NaN,NaN,NaN,NaN,NaN,NaN,NaN,NaN,NaN,NaN,NaN,NaN,NaN,NaN,25309.817702895893,25043.352845546946,24889.43343992182,25115.38345375015,25331.203158749944,NaN,NaN,NaN,NaN,NaN,NaN,NaN,NaN,NaN,NaN,NaN,NaN
1764604800,25301.989778186107,25364.4507,25296.2966,25331.286875,NaN,NaN,NaN,NaN,NaN,NaN,NaN,NaN,NaN,NaN,NaN,NaN,NaN,NaN,NaN,NaN,NaN,NaN,NaN,NaN,25311.769445814447,25043.851659668042,24888.757637343697,25121.31869781265,25332.129021249944,NaN,NaN,NaN,NaN,NaN,NaN,NaN,NaN,NaN,NaN,NaN,NaN
1764605700,25316.638326593056,25338.4855,25276.1505,25311.08115,NaN,NaN,NaN,NaN,NaN,NaN,NaN,NaN,NaN,NaN,NaN,NaN,NaN,NaN,NaN,NaN,NaN,NaN,NaN,NaN,25311.70687346768,25044.3349419532,24888.053230937447,25126.85719218765,25331.702241249946,NaN,NaN,NaN,NaN,NaN,NaN,NaN,NaN,NaN,NaN,NaN,NaN
1764606600,25313.85973829653,25383.4158,25313.85973829653,25354.744124999997,NaN,NaN,NaN,NaN,NaN,NaN,NaN,NaN,NaN,NaN,NaN,NaN,NaN,NaN,NaN,NaN,NaN,NaN,NaN,NaN,25315.619350879708,25044.854853964916,24887.282189531197,25132.872547187653,25333.218327499948,NaN,NaN,NaN,NaN,NaN,NaN,NaN,NaN,NaN,NaN,NaN,NaN
1764607500,25334.301931648264,25396.5038,25334.301931648264,25381.596675,NaN,NaN,NaN,NaN,NaN,NaN,NaN,NaN,NaN,NaN,NaN,NaN,NaN,NaN,NaN,NaN,NaN,NaN,NaN,NaN,25321.617289436097,25045.394924394604,24886.874232890572,25139.08668937515,25336.099616249947,NaN,NaN,NaN,NaN,NaN,NaN,NaN,NaN,NaN,NaN,NaN,NaN
1764608400,25357.94930332413,25413.5092,25357.94930332413,25392.931425,NaN,NaN,NaN,NaN,NaN,NaN,NaN,NaN,NaN,NaN,NaN,NaN,NaN,NaN,NaN,NaN,NaN,NaN,NaN,NaN,25328.100392669177,25045.953675761793,24886.51718898432,25145.605736562655,25338.447383749946,NaN,NaN,NaN,NaN,NaN,NaN,NaN,NaN,NaN,NaN,NaN,NaN
1764609300,25375.440364162067,25406.5783,25367.2028,25391.4691,NaN,NaN,NaN,NaN,NaN,NaN,NaN,NaN,NaN,NaN,NaN,NaN,NaN,NaN,NaN,NaN,NaN,NaN,NaN,NaN,25333.861184244706,25046.53520787117,24886.173721640567,25153.862700937654,25339.80422874995,NaN,NaN,NaN,NaN,NaN,NaN,NaN,NaN,NaN,NaN,NaN,NaN
1764610200,25383.45473208103,25428.7373,25383.45473208103,25412.489,NaN,NaN,NaN,NaN,NaN,NaN,NaN,NaN,NaN,NaN,NaN,NaN,NaN,NaN,NaN,NaN,NaN,NaN,NaN,NaN,25341.009167495187,25047.179388398512,24885.931500703067,25163.025849687656,25342.823497499947,NaN,NaN,NaN,NaN,NaN,NaN,NaN,NaN,NaN,NaN,NaN,NaN
1764611100,25397.971866040516,25443.2059,25397.2387,25416.697099999998,NaN,NaN,NaN,NaN,NaN,NaN,NaN,NaN,NaN,NaN,NaN,NaN,NaN,NaN,NaN,NaN,NaN,NaN,NaN,NaN,25347.889888631988,25047.83659222664,24885.76026148432,25172.085502500155,25346.51851874995,NaN,NaN,NaN,NaN,NaN,NaN,NaN,NaN,NaN,NaN,NaN,NaN
1764612000,25407.334483020255,25431.035,25396.2894,25412.594624999998,NaN,NaN,NaN,NaN,NaN,NaN,NaN,NaN,NaN,NaN,NaN,NaN,NaN,NaN,NaN,NaN,NaN,NaN,NaN,NaN,25353.772137392716,25048.485680625075,24885.70937320307,25181.177305937654,25349.094842499948,NaN,NaN,NaN,NaN,NaN,NaN,NaN,NaN,NaN,NaN,NaN,NaN
1764612900,25409.964554010126,25427.0447,25403.1288,25416.297175,NaN,NaN,NaN,NaN,NaN,NaN,NaN,NaN,NaN,NaN,NaN,NaN,NaN,NaN,NaN,NaN,NaN,NaN,NaN,NaN,25359.45623172065,25049.150413515697,24885.61990679682,25189.616306562653,25351.42713999995,NaN,NaN,NaN,NaN,NaN,NaN,NaN,NaN,NaN,NaN,NaN,NaN
1764613800,25413.130864505063,25423.5995,25410.2081,25415.95095,NaN,NaN,NaN,NaN,NaN,NaN,NaN,NaN,NaN,NaN,NaN,NaN,NaN,NaN,NaN,NaN,NaN,NaN,NaN,NaN,25364.59211520059,25049.81069255867,24885.45168148432,25197.837028125152,25353.780883749947,NaN,NaN,NaN,NaN,NaN,NaN,NaN,NaN,NaN,NaN,NaN,NaN
1764614700,25414.54090725253,25438.0045,25413.2438,25426.067750000002,NaN,NaN,NaN,NaN,NaN,NaN,NaN,NaN,NaN,NaN,NaN,NaN,NaN,NaN,NaN,NaN,NaN,NaN,NaN,NaN,25370.180809273264,25050.487852246166,24885.431054218694,25206.496230312652,25357.446607499947,NaN,NaN,NaN,NaN,NaN,NaN,NaN,NaN,NaN,NaN,NaN,NaN
1764615600,25420.304328626265,25434.9873,25382.2176,25412.262275,NaN,NaN,NaN,NaN,NaN,NaN,NaN,NaN,NaN,NaN,NaN,NaN,NaN,NaN,NaN,NaN,NaN,NaN,NaN,NaN,25374.006397066605,25051.15632916023,24885.336406562445,25214.68059500015,25358.680307499948,NaN,NaN,NaN,NaN,NaN,NaN,NaN,NaN,NaN,NaN,NaN,NaN
1764616500,25416.283301813135,25416.283301813135,25340.3572,25369.791224999997,NaN,NaN,NaN,NaN,NaN,NaN,NaN,NaN,NaN,NaN,NaN,NaN,NaN,NaN,NaN,NaN,NaN,NaN,NaN,NaN,25373.623199606005,25051.785360839916,24885.084924843693,25221.822469687653,25355.42331624995,NaN,NaN,NaN,NaN,NaN,NaN,NaN,NaN,NaN,NaN,NaN,NaN
1764617400,25393.037263406564,25393.037263406564,25307.1803,25335.569525000003,NaN,NaN,NaN,NaN,NaN,NaN,NaN,NaN,NaN,NaN,NaN,NaN,NaN,NaN,NaN,NaN,NaN,NaN,NaN,NaN,25370.163774641824,25052.381241621166,24884.628481562446,25228.32871437515,25361.50808624995,NaN,NaN,NaN,NaN,NaN,NaN,NaN,NaN,NaN,NaN,NaN,NaN
1764618300,25364.303394203285,25364.303394203285,25319.2743,25328.403375,NaN,NaN,NaN,NaN,NaN,NaN,NaN,NaN,NaN,NaN,NaN,NaN,NaN,NaN,NaN,NaN,NaN,NaN,NaN,NaN,25366.367374674384,25052.961621699294,24884.114182499947,25234.216907812654,25365.20349374995,NaN,NaN,NaN,NaN,NaN,NaN,NaN,NaN,NaN,NaN,NaN,NaN
1764619200,25346.353384601643,25362.1833,25317.6526,25339.809725000003,NaN,NaN,NaN,NaN,NaN,NaN,NaN,NaN,NaN,NaN,NaN,NaN,NaN,NaN,NaN,NaN,NaN,NaN,NaN,NaN,25363.953042885805,25053.553943125073,24883.599420937444,25239.65959218765,25366.636361249948,NaN,NaN,NaN,NaN,NaN,NaN,NaN,NaN,NaN,NaN,NaN,NaN
1764620100,25343.081554800825,25360.0367,25334.5123,25350.5182,NaN,NaN,NaN,NaN,NaN,NaN,NaN,NaN,NaN,NaN,NaN,NaN,NaN,NaN,NaN,NaN,NaN,NaN,NaN,NaN,25362.73169353255,25054.126145351634,24883.101861093695,25244.67307656265,25369.64336874995,NaN,NaN,NaN,NaN,NaN,NaN,NaN,NaN,NaN,NaN,NaN,NaN
1764621000,25346.79987740041,25368.7434,25335.1823,25355.28585,NaN,NaN,NaN,NaN,NaN,NaN,NaN,NaN,NaN,NaN,NaN,NaN,NaN,NaN,NaN,NaN,NaN,NaN,NaN,NaN,25362.054798665955,25054.733545019604,24882.60265132807,25249.83219718765,25373.804222499944,NaN,NaN,NaN,NaN,NaN,NaN,NaN,NaN,NaN,NaN,NaN,NaN
1764621900,25351.042863700204,25369.4138,25313.4568,25349.90965,NaN,NaN,NaN,NaN,NaN,NaN,NaN,NaN,NaN,NaN,NaN,NaN,NaN,NaN,NaN,NaN,NaN,NaN,NaN,NaN,25360.950694241776,25055.33436802742,24882.10728820307,25255.09836937515,25375.23778874995,NaN,NaN,NaN,NaN,NaN,NaN,NaN,NaN,NaN,NaN,NaN,NaN
1764622800,25350.476256850103,25350.476256850103,25342.859,25345.92425,NaN,NaN,NaN,NaN,NaN,NaN,NaN,NaN,NaN,NaN,NaN,NaN,NaN,NaN,NaN,NaN,NaN,NaN,NaN,NaN,25359.58465385616,25055.93101222664,24881.613124374944,25260.15452062515,25375.969657499947,NaN,NaN,NaN,NaN,NaN,NaN,NaN,NaN,NaN,NaN,NaN,NaN